keys,ru,en,zh_CN,hi,es,fr,ar,pt,bn,ur,id,de,ja
"Шаг 2/2. Нажми на игровое поле в полёте, до удара.","Шаг 2/2. Нажми на игровое поле в полёте, до удара.","Step 2/2. Click or tap the playfield in flight, before impact.",第2/2步。在飞行中、撞击前点击游戏区域。,चरण 2/2। उड़ान में टकराने से पहले खेल क्षेत्र पर टैप या क्लिक करें।,"Paso 2/2. Haz clic o toca el campo en vuelo, antes del impacto.","Étape 2/2. Clique ou touche le terrain en vol, avant le choc.",الخطوة 2/2. انقر أو المس ساحة اللعب أثناء الطيران وقبل الاصطدام.,"Passo 2/2. Clique ou toque no campo em voo, antes do impacto.",ধাপ ২/২। উড়ন্ত অবস্থায় আঘাতের আগে খেলার মাঠে ক্লিক বা ট্যাপ করুন।,مرحلہ 2/2۔ پرواز میں ٹکرانے سے پہلے کھیل کے میدان پر کلک یا ٹیپ کریں۔,"Langkah 2/2. Klik atau ketuk arena saat terbang, sebelum benturan.","Schritt 2/2. Klicke oder tippe im Flug vor dem Aufprall auf das Spielfeld.",ステップ2/2。飛んでいる間、ぶつかる前にフィールドをクリックかタップしよう。
"Коснись игрового поля в полёте, до удара.","Коснись игрового поля в полёте, до удара.","Tap the playfield in flight, before impact.",在飞行中、撞击前轻触游戏区域。,उड़ान में टकराने से पहले खेल क्षेत्र पर टैप करें।,"Toca el campo en vuelo, antes del impacto.","Touche le terrain en vol, avant le choc.",المس ساحة اللعب أثناء الطيران وقبل الاصطدام.,"Toque no campo em voo, antes do impacto.",উড়ন্ত অবস্থায় আঘাতের আগে খেলার মাঠে ট্যাপ করুন।,پرواز میں ٹکرانے سے پہلے کھیل کے میدان پر ٹیپ کریں۔,"Ketuk arena saat terbang, sebelum benturan.","Tippe im Flug vor dem Aufprall auf das Spielfeld.",飛んでいる間、ぶつかる前にフィールドをタップしよう。
"Кликни по игровому полю или нажми %s в полёте, до удара.","Кликни по игровому полю или нажми %s в полёте, до удара.","Click the playfield or press %s in flight, before impact.",在飞行中、撞击前点击游戏区域或按%s。,उड़ान में टकराने से पहले खेल क्षेत्र पर क्लिक करें या %s दबाएँ।,"Haz clic en el campo o pulsa %s en vuelo, antes del impacto.","Clique sur le terrain ou appuie sur %s en vol, avant le choc.",انقر على ساحة اللعب أو اضغط %s أثناء الطيران وقبل الاصطدام.,"Clique no campo ou pressione %s em voo, antes do impacto.",উড়ন্ত অবস্থায় আঘাতের আগে খেলার মাঠে ক্লিক করুন বা %s চাপুন।,پرواز میں ٹکرانے سے پہلے کھیل کے میدان پر کلک کریں یا %s دبائیں۔,"Klik arena atau tekan %s saat terbang, sebelum benturan.","Klicke im Flug vor dem Aufprall auf das Spielfeld oder drücke %s.",飛んでいる間、ぶつかる前にフィールドをクリックするか%sを押そう。
Кошки против собак,Кошки против собак,Cats vs Dogs,猫狗大战,बिल्लियाँ बनाम कुत्ते,Gatos contra perros,Chats contre chiens,القطط ضد الكلاب,Gatos contra cães,বিড়াল বনাম কুকুর,بلیاں بمقابلہ کتے,Kucing vs Anjing,Katzen gegen Hunde,ネコ対イヌ
КОШКИ ПРОТИВ СОБАК,КОШКИ ПРОТИВ СОБАК,CATS VS DOGS,猫狗大战,बिल्लियाँ बनाम कुत्ते,GATOS CONTRA PERROS,CHATS CONTRE CHIENS,القطط ضد الكلاب,GATOS CONTRA CÃES,বিড়াল বনাম কুকুর,بلیاں بمقابلہ کتے,KUCING VS ANJING,KATZEN GEGEN HUNDE,ネコ対イヌ
Пауза,Пауза,Pause,暂停,विराम,Pausa,Pause,إيقاف مؤقت,Pausa,বিরতি,وقفہ,Jeda,Pause,一時停止
Заново,Заново,Restart,重新开始,फिर शुरू करें,Reiniciar,Recommencer,إعادة البدء,Reiniciar,আবার শুরু,دوبارہ شروع,Ulangi,Neustart,やり直す
Меню,Меню,Menu,菜单,मेनू,Menú,Menu,القائمة,Menu,মেনু,مینو,Menu,Menü,メニュー
Способность  ·  E,Способность  ·  E,Ability  ·  E,技能  ·  E,क्षमता  ·  E,Habilidad  ·  E,Pouvoir  ·  E,القدرة  ·  E,Habilidade  ·  E,ক্ষমতা  ·  E,صلاحیت  ·  E,Kemampuan  ·  E,Fähigkeit  ·  E,スキル  ·  E
Редактор,Редактор,Editor,编辑器,संपादक,Editor,Éditeur,المحرر,Editor,সম্পাদক,ایڈیٹر,Editor,Editor,エディター
Песочница,Песочница,Sandbox,沙盒,सैंडबॉक्स,Modo libre,Bac à sable,اللعب الحر,Modo livre,মুক্ত খেলা,آزاد کھیل,Mode bebas,Sandkasten,サンドボックス
Вернуться в редактор,Вернуться в редактор,Back to editor,返回编辑器,संपादक पर लौटें,Volver al editor,Retour à l’éditeur,العودة إلى المحرر,Voltar ao editor,সম্পাদকে ফিরুন,ایڈیٹر میں واپس,Kembali ke editor,Zurück zum Editor,エディターに戻る
К песочнице,К песочнице,Back to sandbox,返回沙盒,सैंडबॉक्स पर लौटें,Volver al modo libre,Retour au bac à sable,العودة إلى اللعب الحر,Voltar ao modo livre,মুক্ত খেলায় ফিরুন,آزاد کھیل میں واپس,Kembali ke mode bebas,Zum Sandkasten,サンドボックスに戻る
В главное меню,В главное меню,Main menu,返回主菜单,मुख्य मेनू,Menú principal,Menu principal,القائمة الرئيسية,Menu principal,প্রধান মেনু,مرکزی مینو,Menu utama,Hauptmenü,メインメニュー
Далее: %s,Далее: %s,Next: %s,下一只：%s,अगला: %s,Siguiente: %s,Ensuite : %s,التالي: %s,A seguir: %s,পরের: %s,اگلا: %s,Berikutnya: %s,Als Nächstes: %s,次：%s
Отряд: %s,Отряд: %s,Team: %s,队伍：%s,दल: %s,Equipo: %s,Équipe : %s,الفريق: %s,Equipe: %s,দল: %s,ٹیم: %s,Tim: %s,Team: %s,チーム：%s
Проба  /  %s,Проба  /  %s,Test  /  %s,试玩  /  %s,परीक्षण  /  %s,Prueba  /  %s,Essai  /  %s,تجربة  /  %s,Teste  /  %s,পরীক্ষা  /  %s,آزمائش  /  %s,Uji  /  %s,Test  /  %s,テスト  /  %s
Отряд собак,Отряд собак,Dog team,狗狗队,कुत्तों का दल,Equipo de perros,Équipe de chiens,فريق الكلاب,Equipe de cães,কুকুরের দল,کتوں کی ٹیم,Tim anjing,Hundeteam,イヌチーム
Кошки: %d   •   Собаки: %d    ,Кошки: %d   •   Собаки: %d    ,Cats: %d   •   Dogs: %d    ,猫：%d   •   狗：%d    ,बिल्लियाँ: %d   •   कुत्ते: %d    ,Gatos: %d   •   Perros: %d    ,Chats : %d   •   Chiens : %d    ,قطط: %d   •   كلاب: %d    ,Gatos: %d   •   Cães: %d    ,বিড়াল: %d   •   কুকুর: %d    ,بلیاں: %d   •   کتے: %d    ,Kucing: %d   •   Anjing: %d    ,Katzen: %d   •   Hunde: %d    ,ネコ：%d   •   イヌ：%d    
"Подождём, пока всё уляжется…","Подождём, пока всё уляжется…",Wait for everything to settle…,等一切停稳……,सब कुछ थमने दें…,Espera a que todo se detenga…,Attendons que tout se stabilise…,انتظر حتى يهدأ كل شيء…,Espere tudo parar…,সবকিছু থামা পর্যন্ত অপেক্ষা…,سب کچھ تھمنے دیں…,Tunggu semuanya berhenti…,"Warte, bis alles stillsteht…",すべて止まるまで待とう…
Потяни кошку назад и отпусти — мышью или пальцем,Потяни кошку назад и отпусти — мышью или пальцем,Pull the cat back and release with your mouse or finger,用鼠标或手指向后拉猫咪，然后松开,माउस या उँगली से बिल्ली को पीछे खींचकर छोड़ें,Tira del gato hacia atrás y suelta con el ratón o el dedo,Tire le chat en arrière et relâche avec la souris ou le doigt,اسحب القطة للخلف ثم أفلت بالفأرة أو بإصبعك,Puxe o gato para trás e solte com o mouse ou o dedo,মাউস বা আঙুল দিয়ে বিড়ালকে পিছনে টেনে ছেড়ে দিন,ماؤس یا انگلی سے بلی کو پیچھے کھینچ کر چھوڑیں,"Tarik kucing ke belakang, lalu lepas dengan mouse atau jari",Ziehe die Katze mit Maus oder Finger zurück und lass los,マウスや指でネコを後ろに引いて離そう
Передышка,Передышка,Taking a break,休息一下,थोड़ा आराम,Un descanso,Petite pause,استراحة,Uma pausa,একটু বিশ্রাম,تھوڑا آرام,Istirahat,Verschnaufpause,ひと休み
Двор подождёт. Продолжим?,Двор подождёт. Продолжим?,The yard can wait. Ready to continue?,院子会等你的。继续吗？,आँगन इंतज़ार करेगा। जारी रखें?,El patio puede esperar. ¿Seguimos?,La cour peut attendre. On reprend ?,الساحة تنتظر. هل نتابع؟,O quintal pode esperar. Continuar?,উঠোন অপেক্ষা করবে। চালিয়ে যাবেন?,صحن انتظار کرے گا۔ جاری رکھیں؟,Halamannya bisa menunggu. Lanjut?,Der Hof kann warten. Weiter?,庭は待ってくれる。続ける？
Продолжить,Продолжить,Continue,继续,जारी रखें,Continuar,Continuer,متابعة,Continuar,চালিয়ে যান,جاری رکھیں,Lanjutkan,Fortsetzen,続ける
Двор за кошками!,Двор за кошками!,The cats own the yard!,院子属于猫咪了！,आँगन बिल्लियों का है!,¡El patio es de los gatos!,La cour est aux chats !,الساحة للقطط!,O quintal é dos gatos!,উঠোন এখন বিড়ালদের!,صحن بلیوں کا ہے!,Halaman milik kucing!,Der Hof gehört den Katzen!,庭はネコたちのもの！
Ещё одна попытка?,Ещё одна попытка?,Try again?,再试一次？,फिर कोशिश करें?,¿Otro intento?,On réessaie ?,محاولة أخرى؟,Tentar de novo?,আবার চেষ্টা করবেন?,ایک اور کوشش؟,Coba lagi?,Noch ein Versuch?,もう一度挑戦？
Все собаки выбиты. Отличный бросок!,Все собаки выбиты. Отличный бросок!,All dogs are out. Great shot!,所有狗狗都出局了。好球！,सभी कुत्ते बाहर। बढ़िया निशाना!,Todos los perros fuera. ¡Gran tiro!,Tous les chiens sont éliminés. Beau tir !,خرجت كل الكلاب. رمية رائعة!,Todos os cães foram derrubados. Belo tiro!,সব কুকুর পরাস্ত। দারুণ ছোড়া!,سب کتے باہر۔ زبردست نشانہ!,Semua anjing tersingkir. Tembakan bagus!,Alle Hunde besiegt. Toller Wurf!,イヌを全員倒した。ナイスショット！
Кошки закончились. Попробуй другую траекторию.,Кошки закончились. Попробуй другую траекторию.,No cats left. Try a different trajectory.,猫咪用完了。试试别的角度。,बिल्लियाँ खत्म। दूसरा रास्ता आज़माएँ।,No quedan gatos. Prueba otra trayectoria.,Plus de chats. Essaie une autre trajectoire.,نفدت القطط. جرّب مسارًا آخر.,Acabaram os gatos. Tente outra trajetória.,বিড়াল শেষ। অন্য গতিপথে চেষ্টা করুন।,بلیاں ختم۔ دوسرا راستہ آزمائیں۔,Kucing habis. Coba lintasan lain.,Keine Katzen mehr. Versuche eine andere Flugbahn.,ネコがいなくなった。別の軌道を試そう。
"Выстрелов: %d
%s","Выстрелов: %d
%s","Shots: %d
%s","发射次数：%d
%s","शॉट: %d
%s","Tiros: %d
%s","Tirs : %d
%s","الرميات: %d
%s","Tiros: %d
%s","নিক্ষেপ: %d
%s","نشانے: %d
%s","Tembakan: %d
%s","Würfe: %d
%s","発射回数：%d
%s"
Все дворы пройдены!,Все дворы пройдены!,All yards completed!,所有院子都通关了！,सभी आँगन पूरे!,¡Todos los patios completados!,Toutes les cours terminées !,اكتملت كل الساحات!,Todos os quintais concluídos!,সব উঠোন জয় করা হয়েছে!,تمام صحن مکمل!,Semua halaman selesai!,Alle Höfe geschafft!,すべての庭をクリア！
★★★ ≤ %d выстр.  ·  ★★ ≤ %d выстр.  ·  ★ за победу,★★★ ≤ %d выстр.  ·  ★★ ≤ %d выстр.  ·  ★ за победу,★★★ ≤ %d shots  ·  ★★ ≤ %d shots  ·  ★ for winning,★★★ ≤ %d 次  ·  ★★ ≤ %d 次  ·  获胜得 ★,★★★ ≤ %d शॉट  ·  ★★ ≤ %d शॉट  ·  जीत पर ★,★★★ ≤ %d tiros  ·  ★★ ≤ %d tiros  ·  ★ por ganar,★★★ ≤ %d tirs  ·  ★★ ≤ %d tirs  ·  ★ pour gagner,★★★ ≤ %d رميات  ·  ★★ ≤ %d رميات  ·  ★ للفوز,★★★ ≤ %d tiros  ·  ★★ ≤ %d tiros  ·  ★ pela vitória,★★★ ≤ %d নিক্ষেপ  ·  ★★ ≤ %d নিক্ষেপ  ·  জয়ে ★,★★★ ≤ %d نشانے  ·  ★★ ≤ %d نشانے  ·  جیت پر ★,★★★ ≤ %d tembakan  ·  ★★ ≤ %d tembakan  ·  ★ jika menang,★★★ ≤ %d Würfe  ·  ★★ ≤ %d Würfe  ·  ★ für den Sieg,★★★ ≤ %d 発  ·  ★★ ≤ %d 発  ·  勝利で ★
Не удалось записать прогресс. Результат сохранён до закрытия игры.,Не удалось записать прогресс. Результат сохранён до закрытия игры.,Could not save progress. Your result is kept until the game closes.,无法保存进度。成绩保留至游戏关闭。,प्रगति सहेजी नहीं गई। परिणाम खेल बंद होने तक रहेगा।,No se pudo guardar el progreso. El resultado se conserva hasta cerrar el juego.,Impossible d’enregistrer la progression. Le résultat reste disponible jusqu’à la fermeture du jeu.,تعذر حفظ التقدم. تبقى النتيجة حتى إغلاق اللعبة.,Não foi possível salvar o progresso. O resultado fica disponível até fechar o jogo.,অগ্রগতি সংরক্ষণ হয়নি। খেলা বন্ধ না করা পর্যন্ত ফল থাকবে।,پیش رفت محفوظ نہیں ہو سکی۔ نتیجہ کھیل بند ہونے تک رہے گا۔,Progres gagal disimpan. Hasil tetap tersedia sampai game ditutup.,Fortschritt konnte nicht gespeichert werden. Das Ergebnis bleibt bis zum Schließen des Spiels erhalten.,進行状況を保存できませんでした。結果はゲームを閉じるまで保持されます。
Следующий двор,Следующий двор,Next yard,下一个院子,अगला आँगन,Siguiente patio,Cour suivante,الساحة التالية,Próximo quintal,পরের উঠোন,اگلا صحن,Halaman berikutnya,Nächster Hof,次の庭
Сыграть заново,Сыграть заново,Play again,再玩一次,फिर खेलें,Jugar de nuevo,Rejouer,العب مجددًا,Jogar de novo,আবার খেলুন,دوبارہ کھیلیں,Main lagi,Erneut spielen,もう一度遊ぶ
%s из %d  ·  %d / %d,%s из %d  ·  %d / %d,%s of %d  ·  %d / %d,%s / %d  ·  %d / %d,%s / %d  ·  %d / %d,%s de %d  ·  %d / %d,%s sur %d  ·  %d / %d,%s من %d  ·  %d/%d,%s de %d  ·  %d / %d,%s / %d  ·  %d / %d,%s از %d  ·  %d/%d,%s dari %d  ·  %d / %d,%s von %d  ·  %d / %d,%s / %d  ·  %d / %d
КОШКИ,КОШКИ,CATS,猫咪,बिल्लियाँ,GATOS,CHATS,القطط,GATOS,বিড়াল,بلیاں,KUCING,KATZEN,ネコ
ПРОТИВ СОБАК,ПРОТИВ СОБАК,VS DOGS,对战狗狗,बनाम कुत्ते,CONTRA PERROS,CONTRE CHIENS,ضد الكلاب,CONTRA CÃES,বনাম কুকুর,بمقابلہ کتے,VS ANJING,GEGEN HUNDE,対イヌ
"ПЕСОЧНИЦА
Пробуй героев и способности","ПЕСОЧНИЦА
Пробуй героев и способности","SANDBOX
Try heroes and abilities","沙盒
试试英雄和技能","सैंडबॉक्स
नायक और क्षमताएँ आज़माएँ","MODO LIBRE
Prueba héroes y habilidades","BAC À SABLE
Essaie les héros et leurs pouvoirs","اللعب الحر
جرّب الأبطال والقدرات","MODO LIVRE
Experimente heróis e habilidades","মুক্ত খেলা
চরিত্র ও ক্ষমতা পরীক্ষা করুন","آزاد کھیل
کردار اور صلاحیتیں آزمائیں","MODE BEBAS
Coba pahlawan dan kemampuan","SANDKASTEN
Teste Helden und Fähigkeiten","サンドボックス
キャラクターとスキルを試そう"
Кошки,Кошки,Cats,猫咪,बिल्लियाँ,Gatos,Chats,القطط,Gatos,বিড়াল,بلیاں,Kucing,Katzen,ネコ
Собаки,Собаки,Dogs,狗狗,कुत्ते,Perros,Chiens,الكلاب,Cães,কুকুর,کتے,Anjing,Hunde,イヌ
← Назад,← Назад,← Back,← 上一页,← पीछे,← Atrás,← Retour,← السابق,← Voltar,← পিছনে,← پیچھے,← Kembali,← Zurück,← 戻る
Предыдущие герои · Page Up,Предыдущие герои · Page Up,Previous heroes · Page Up,上一组英雄 · Page Up,पिछले नायक · Page Up,Héroes anteriores · Page Up,Héros précédents · Page Up,الأبطال السابقون · Page Up,Heróis anteriores · Page Up,আগের চরিত্র · Page Up,پچھلے کردار · Page Up,Pahlawan sebelumnya · Page Up,Vorherige Helden · Page Up,前のキャラクター · Page Up
Дальше →,Дальше →,Next →,下一页 →,आगे →,Siguiente →,Suite →,التالي →,Avançar →,পরের →,آگے →,Berikutnya →,Weiter →,次へ →
Следующие герои · Page Down,Следующие герои · Page Down,Next heroes · Page Down,下一组英雄 · Page Down,अगले नायक · Page Down,Siguientes héroes · Page Down,Héros suivants · Page Down,الأبطال التاليون · Page Down,Próximos heróis · Page Down,পরের চরিত্র · Page Down,اگلے کردار · Page Down,Pahlawan berikutnya · Page Down,Nächste Helden · Page Down,次のキャラクター · Page Down
Герои для песочницы,Герои для песочницы,Sandbox heroes,沙盒英雄,सैंडबॉक्स के नायक,Héroes del modo libre,Héros du bac à sable,أبطال اللعب الحر,Heróis do modo livre,মুক্ত খেলার চরিত্র,آزاد کھیل کے کردار,Pahlawan mode bebas,Helden im Sandkasten,サンドボックスのキャラクター
В меню,В меню,Back to menu,返回菜单,मेनू पर लौटें,Volver al menú,Retour au menu,العودة للقائمة,Voltar ao menu,মেনুতে ফিরুন,مینو میں واپس,Kembali ke menu,Zum Menü,メニューに戻る
"Шесть дворов, смешанные отряды и звёзды за прохождение","Шесть дворов, смешанные отряды и звёзды за прохождение","Six yards, mixed teams and stars to earn",六个院子、混合队伍和通关星星,"छह आँगन, मिले-जुले दल और जीतने के सितारे","Seis patios, equipos mixtos y estrellas por ganar","Six cours, des équipes variées et des étoiles à gagner",ست ساحات وفرق متنوعة ونجوم تربحها,"Seis quintais, equipes variadas e estrelas para ganhar","ছয়টি উঠোন, মিশ্র দল এবং জেতার তারা",چھ صحن، ملی جلی ٹیمیں اور جیتنے کے ستارے,"Enam halaman, tim campuran, dan bintang untuk diraih","Sechs Höfe, gemischte Teams und Sterne zum Sammeln",6つの庭、さまざまなチーム、クリアでもらえる星
Создать свой уровень и попробовать его в бою,Создать свой уровень и попробовать его в бою,Create your own level and play it,创建自己的关卡并试玩,अपना स्तर बनाएँ और खेलकर देखें,Crea tu nivel y pruébalo en combate,Crée ton niveau et essaie-le au combat,أنشئ مرحلتك وجرّبها في اللعب,Crie sua fase e teste em combate,নিজের স্তর তৈরি করে খেলুন,اپنا مرحلہ بنائیں اور کھیل کر دیکھیں,Buat level sendiri dan uji dalam pertempuran,Erstelle ein eigenes Level und spiele es,自分のステージを作って遊ぼう
Свободный бой,Свободный бой,Free battle,自由对战,मुक्त मुकाबला,Batalla libre,Combat libre,معركة حرة,Batalha livre,মুক্ত লড়াই,آزاد مقابلہ,Pertarungan bebas,Freies Spiel,フリーバトル
В команде  ✓,В команде  ✓,On the team  ✓,已入队  ✓,दल में  ✓,En el equipo  ✓,Dans l’équipe  ✓,في الفريق  ✓,Na equipe  ✓,দলে আছে  ✓,ٹیم میں  ✓,Dalam tim  ✓,Im Team  ✓,チーム入り  ✓
Выбрать  →,Выбрать  →,Select  →,选择  →,चुनें  →,Elegir  →,Choisir  →,اختر  →,Escolher  →,বাছুন  →,منتخب کریں  →,Pilih  →,Wählen  →,選ぶ  →
10 КОШЕК · 10 СПОСОБНОСТЕЙ,10 КОШЕК · 10 СПОСОБНОСТЕЙ,10 CATS · 10 ABILITIES,10只猫 · 10种技能,10 बिल्लियाँ · 10 क्षमताएँ,10 GATOS · 10 HABILIDADES,10 CHATS · 10 POUVOIRS,10 قطط · 10 قدرات,10 GATOS · 10 HABILIDADES,১০ বিড়াল · ১০ ক্ষমতা,10 بلیاں · 10 صلاحیتیں,10 KUCING · 10 KEMAMPUAN,10 KATZEN · 10 FÄHIGKEITEN,10匹のネコ · 10のスキル
КТО ЗАЩИЩАЕТ ДВОР?,КТО ЗАЩИЩАЕТ ДВОР?,WHO GUARDS THE YARD?,谁来守护院子？,आँगन की रखवाली कौन करेगा?,¿QUIÉN DEFIENDE EL PATIO?,QUI DÉFEND LA COUR ?,من يحرس الساحة؟,QUEM DEFENDE O QUINTAL?,উঠোন পাহারা দেয় কে?,صحن کی حفاظت کون کرے گا؟,SIAPA PENJAGA HALAMAN?,WER BEWACHT DEN HOF?,庭を守るのは誰？
Звук: выкл,Звук: выкл,Sound: off,声音：关,ध्वनि: बंद,Sonido: no,Son : non,الصوت: مغلق,Som: não,শব্দ: বন্ধ,آواز: بند,Suara: mati,Ton: aus,サウンド：オフ
Звук: вкл,Звук: вкл,Sound: on,声音：开,ध्वनि: चालू,Sonido: sí,Son : oui,الصوت: مفعّل,Som: sim,শব্দ: চালু,آواز: چالو,Suara: aktif,Ton: an,サウンド：オン
Включить звуки,Включить звуки,Enable sound,开启声音,ध्वनि चालू करें,Activar sonido,Activer le son,تشغيل الصوت,Ativar som,শব্দ চালু করুন,آواز چلائیں,Aktifkan suara,Ton einschalten,サウンドをオン
Выключить звуки,Выключить звуки,Disable sound,关闭声音,ध्वनि बंद करें,Desactivar sonido,Couper le son,إيقاف الصوت,Desativar som,শব্দ বন্ধ করুন,آواز بند کریں,Matikan suara,Ton ausschalten,サウンドをオフ
"Выстрел получился! Чем сильнее натяжение, тем дальше полёт.","Выстрел получился! Чем сильнее натяжение, тем дальше полёт.",Nice shot! Pull farther back to fly farther.,发射成功！拉得越远，飞得越远。,"बढ़िया निशाना! जितना खींचेंगे, उतना दूर उड़ेंगे।","¡Buen tiro! Cuanto más tires, más lejos volará.","Beau tir ! Plus tu tires en arrière, plus le chat vole loin.",رمية ناجحة! كلما سحبت أكثر طار أبعد.,"Bom tiro! Quanto mais puxar, mais longe voará.","দারুণ ছোড়া! যত বেশি টানবেন, তত দূরে যাবে।",اچھا نشانہ! جتنا زیادہ کھینچیں گے، اتنا دور اڑے گا۔,Tembakan bagus! Tarik lebih jauh agar terbang lebih jauh.,"Gut geworfen! Je weiter du ziehst, desto weiter fliegt die Katze.",うまく飛んだ！強く引くほど遠くに飛ぶよ。
"Шаг 2/2. Потяни назад, наведи точки на собаку и отпусти.","Шаг 2/2. Потяни назад, наведи точки на собаку и отпусти.","Step 2/2. Pull back, aim the dots at a dog and release.",第2/2步。向后拉，让轨迹点瞄准狗狗，然后松开。,"चरण 2/2. पीछे खींचें, बिंदु कुत्ते पर लगाएँ और छोड़ें।","Paso 2/2. Tira hacia atrás, apunta los puntos al perro y suelta.","Étape 2/2. Tire en arrière, vise le chien avec les points et relâche.",خطوة 2/2. اسحب للخلف ووجّه النقاط نحو الكلب ثم أفلت.,"Passo 2/2. Puxe para trás, mire os pontos no cão e solte.","ধাপ ২/২। পিছনে টানুন, বিন্দু দিয়ে কুকুরে লক্ষ্য করে ছেড়ে দিন।",مرحلہ 2/2۔ پیچھے کھینچیں، نقطے کتے پر رکھیں اور چھوڑیں۔,"Langkah 2/2. Tarik ke belakang, arahkan titik ke anjing, lalu lepas.","Schritt 2/2. Ziehe zurück, ziele mit den Punkten auf den Hund und lass los.",ステップ2/2。後ろに引いて、点線をイヌに合わせて離そう。
Шаг 1/2. Возьми кошку у рогатки мышью или пальцем.,Шаг 1/2. Возьми кошку у рогатки мышью или пальцем.,Step 1/2. Grab the cat on the slingshot with your mouse or finger.,第1/2步。用鼠标或手指按住弹弓上的猫咪。,चरण 1/2. गुलेल की बिल्ली को माउस या उँगली से पकड़ें।,Paso 1/2. Agarra al gato del tirachinas con el ratón o el dedo.,Étape 1/2. Attrape le chat sur le lance-pierre avec la souris ou le doigt.,خطوة 1/2. أمسك القطة على المقلاع بالفأرة أو بإصبعك.,Passo 1/2. Pegue o gato no estilingue com o mouse ou o dedo.,ধাপ ১/২। মাউস বা আঙুল দিয়ে গুলতির বিড়াল ধরুন।,مرحلہ 1/2۔ غلیل پر بلی کو ماؤس یا انگلی سے پکڑیں۔,Langkah 1/2. Pegang kucing di ketapel dengan mouse atau jari.,Schritt 1/2. Greife die Katze an der Schleuder mit Maus oder Finger.,ステップ1/2。パチンコのネコをマウスや指でつかもう。
Приём сработал! У каждого кота своя способность.,Приём сработал! У каждого кота своя способность.,It worked! Each cat has a unique ability.,成功了！每只猫都有自己的技能。,काम कर गया! हर बिल्ली की अपनी क्षमता है।,¡Funcionó! Cada gato tiene su habilidad.,Ça marche ! Chaque chat a son propre pouvoir.,نجحت! لكل قطة قدرة خاصة.,Funcionou! Cada gato tem sua habilidade.,কাজ করেছে! প্রতিটি বিড়ালের নিজস্ব ক্ষমতা আছে।,کام کر گیا! ہر بلی کی اپنی صلاحیت ہے۔,Berhasil! Setiap kucing punya kemampuan sendiri.,Es hat geklappt! Jede Katze hat ihre eigene Fähigkeit.,成功！ネコごとに違うスキルがあるよ。
"Шаг 2/2. Нажми кнопку способности или E в полёте, до удара.","Шаг 2/2. Нажми кнопку способности или E в полёте, до удара.","Step 2/2. Press the ability button or E while flying, before impact.",第2/2步。在飞行中、撞击前按技能按钮或E。,"चरण 2/2. उड़ते समय, टकराने से पहले क्षमता बटन या E दबाएँ।","Paso 2/2. Pulsa la habilidad o E en vuelo, antes del impacto.","Étape 2/2. Appuie sur le pouvoir ou E en vol, avant l’impact.",خطوة 2/2. اضغط زر القدرة أو E أثناء الطيران وقبل الاصطدام.,"Passo 2/2. Use o botão da habilidade ou E no ar, antes do impacto.",ধাপ ২/২। উড়ন্ত অবস্থায় আঘাতের আগে ক্ষমতার বোতাম বা E চাপুন।,مرحلہ 2/2۔ اڑتے وقت، ٹکر سے پہلے صلاحیت کا بٹن یا E دبائیں۔,"Langkah 2/2. Tekan tombol kemampuan atau E saat terbang, sebelum benturan.",Schritt 2/2. Drücke im Flug vor dem Aufprall die Fähigkeitstaste oder E.,ステップ2/2。飛行中、ぶつかる前にスキルボタンかEを押そう。
Приём доступен до удара. Попробуй со следующим котом.,Приём доступен до удара. Попробуй со следующим котом.,Use abilities before impact. Try with the next cat.,技能要在撞击前使用。用下一只猫试试。,टकराने से पहले क्षमता इस्तेमाल करें। अगली बिल्ली से आज़माएँ।,Usa la habilidad antes del impacto. Prueba con el siguiente gato.,Utilise le pouvoir avant l’impact. Essaie avec le prochain chat.,استخدم القدرة قبل الاصطدام. جرّب مع القطة التالية.,Use a habilidade antes do impacto. Tente com o próximo gato.,আঘাতের আগে ক্ষমতা ব্যবহার করুন। পরের বিড়াল দিয়ে চেষ্টা করুন।,ٹکر سے پہلے صلاحیت استعمال کریں۔ اگلی بلی سے آزمائیں۔,Gunakan kemampuan sebelum benturan. Coba dengan kucing berikutnya.,Nutze die Fähigkeit vor dem Aufprall. Versuche es mit der nächsten Katze.,ぶつかる前にスキルを使おう。次のネコで試してね。
Шаг 1/2. Запусти кота в сторону собаки.,Шаг 1/2. Запусти кота в сторону собаки.,Step 1/2. Launch a cat toward the dog.,第1/2步。向狗狗发射猫咪。,चरण 1/2. बिल्ली को कुत्ते की ओर छोड़ें।,Paso 1/2. Lanza al gato hacia el perro.,Étape 1/2. Lance le chat vers le chien.,خطوة 1/2. أطلق القطة نحو الكلب.,Passo 1/2. Lance o gato na direção do cão.,ধাপ ১/২। কুকুরের দিকে বিড়াল ছুড়ুন।,مرحلہ 1/2۔ بلی کو کتے کی طرف چھوڑیں۔,Langkah 1/2. Luncurkan kucing ke arah anjing.,Schritt 1/2. Schleudere die Katze zum Hund.,ステップ1/2。イヌに向かってネコを飛ばそう。
Шаг 2/2. Укрытие открыто! Теперь попади в собаку.,Шаг 2/2. Укрытие открыто! Теперь попади в собаку.,Step 2/2. The shelter is open! Now hit the dog.,第2/2步。掩体破了！现在击中狗狗。,चरण 2/2. आड़ हट गई! अब कुत्ते पर निशाना लगाएँ।,Paso 2/2. ¡El refugio está abierto! Ahora dale al perro.,Étape 2/2. L’abri est ouvert ! Touche maintenant le chien.,خطوة 2/2. انكشف المأوى! أصب الكلب الآن.,Passo 2/2. O abrigo está aberto! Agora acerte o cão.,ধাপ ২/২। আশ্রয় খোলা! এবার কুকুরকে আঘাত করুন।,مرحلہ 2/2۔ پناہ کھل گئی! اب کتے کو نشانہ بنائیں۔,Langkah 2/2. Pelindung terbuka! Sekarang kena anjingnya.,Schritt 2/2. Die Deckung ist offen! Triff jetzt den Hund.,ステップ2/2。隠れ家が壊れた！今度はイヌに当てよう。
"Шаг 1/2. Разрушь будку: пока она цела, собака защищена.","Шаг 1/2. Разрушь будку: пока она цела, собака защищена.",Step 1/2. Destroy the kennel: it protects the dog while intact.,第1/2步。摧毁狗屋：屋子完好时狗狗受到保护。,"चरण 1/2. कुत्ते का घर तोड़ें: जब तक वह है, कुत्ता सुरक्षित है।","Paso 1/2. Destruye la caseta: mientras esté intacta, protege al perro.","Étape 1/2. Détruis la niche : tant qu’elle tient, le chien est protégé.",خطوة 1/2. دمّر بيت الكلب: فهو يحميه ما دام سليمًا.,"Passo 1/2. Destrua a casinha: enquanto estiver inteira, protege o cão.",ধাপ ১/২। কুকুরের ঘর ভাঙুন: অক্ষত থাকলে কুকুর সুরক্ষিত।,مرحلہ 1/2۔ کتے کا گھر توڑیں: جب تک سالم ہے، کتا محفوظ ہے۔,Langkah 1/2. Hancurkan rumah anjing: anjing terlindungi selama rumahnya utuh.,"Schritt 1/2. Zerstöre die Hundehütte: Solange sie steht, schützt sie den Hund.",ステップ1/2。犬小屋を壊そう。壊れるまでイヌは守られているよ。
Первый двор,Первый двор,First yard,第一个院子,पहला आँगन,Primer patio,Première cour,الساحة الأولى,Primeiro quintal,প্রথম উঠোন,پہلا صحن,Halaman pertama,Erster Hof,はじめての庭
Двор конур,Двор конур,Kennel yard,狗屋院子,कुत्तों के घरों वाला आँगन,Patio de casetas,Cour des niches,ساحة بيوت الكلاب,Quintal das casinhas,কুকুরের ঘরের উঠোন,کتوں کے گھروں کا صحن,Halaman rumah anjing,Hundehüttenhof,犬小屋の庭
Первый бросок,Первый бросок,First throw,第一次投射,पहला निशाना,Primer lanzamiento,Premier lancer,الرمية الأولى,Primeiro lançamento,প্রথম নিক্ষেপ,پہلا نشانہ,Lemparan pertama,Erster Wurf,はじめての一投
Приём в полёте,Приём в полёте,Midair trick,空中绝技,हवा में करतब,Truco en el aire,Figure en vol,حركة في الجو,Truque no ar,আকাশে কৌশল,ہوا میں کرتب,Trik di udara,Trick im Flug,空中の技
За стеклянной дверью,За стеклянной дверью,Behind the glass door,玻璃门后,काँच के दरवाज़े के पीछे,Tras la puerta de cristal,Derrière la porte vitrée,خلف الباب الزجاجي,Atrás da porta de vidro,কাচের দরজার আড়ালে,شیشے کے دروازے کے پیچھے,Di balik pintu kaca,Hinter der Glastür,ガラスの扉の向こう
Стеклянный мост,Стеклянный мост,Glass bridge,玻璃桥,काँच का पुल,Puente de cristal,Pont de verre,الجسر الزجاجي,Ponte de vidro,কাচের সেতু,شیشے کا پل,Jembatan kaca,Glasbrücke,ガラスの橋
Непоседливый двор,Непоседливый двор,Restless yard,热闹的院子,चंचल आँगन,Patio inquieto,Cour agitée,الساحة المشاغبة,Quintal agitado,চঞ্চল উঠোন,چنچل صحن,Halaman yang ramai,Unruhiger Hof,にぎやかな庭
Последняя крепость,Последняя крепость,Last fortress,最后的堡垒,आखिरी किला,Última fortaleza,Dernière forteresse,القلعة الأخيرة,Última fortaleza,শেষ দুর্গ,آخری قلعہ,Benteng terakhir,Letzte Festung,最後の砦
Рыжик,Рыжик,Ginger,小橘,गोल्डी,Pelirrojo,Roux,زنجبيل,Ruivo,আদা,سنہری,Oren,Rotschopf,チャトラ
СТРЕМИТЕЛЬНЫЙ РЫВОК,СТРЕМИТЕЛЬНЫЙ РЫВОК,LIGHTNING DASH,迅猛冲刺,तेज़ झपट्टा,IMPULSO VELOZ,RUÉE FULGURANTE,اندفاع سريع,ARRANCADA VELOZ,বিদ্যুৎগতির ঝাঁপ,تیز جھپٹا,LESATAN KILAT,BLITZSCHNELLER SPURT,電光石火のダッシュ
Рывок,Рывок,Dash,冲刺,झपट्टा,Impulso,Ruée,اندفاع,Arrancada,ঝাঁপ,جھپٹا,Lesat,Spurt,ダッシュ
Искра,Искра,Spark,火花,चिंगारी,Chispa,Étincelle,شرارة,Faísca,স্ফুলিঙ্গ,چنگاری,Percikan,Funke,スパーク
КОШКА-БОМБА,КОШКА-БОМБА,BOMB CAT,炸弹猫,बम बिल्ली,GATA BOMBA,CHAT BOMBE,قطة قنبلة,GATA BOMBA,বোমা বিড়াল,بم بلی,KUCING BOM,BOMBENKATZE,爆弾ネコ
Взорвать,Взорвать,Detonate,引爆,विस्फोट,Detonar,Exploser,تفجير,Detonar,বিস্ফোরণ,دھماکا,Ledakkan,Zünden,爆発
Зигзаг,Зигзаг,Zigzag,曲奇,ज़िगज़ैग,Zigzag,Zigzag,متعرج,Ziguezague,জিগজ্যাগ,زگ زیگ,Zigzag,Zickzack,ジグザグ
ВОЛНОВОЙ ПОЛЁТ,ВОЛНОВОЙ ПОЛЁТ,WAVY FLIGHT,波浪飞行,लहराती उड़ान,VUELO ONDULADO,VOL ONDULANT,طيران متموج,VOO ONDULADO,ঢেউখেলানো উড়ান,لہراتی پرواز,TERBANG BERGELOMBANG,WELLENFLUG,波打つ飛行
Снежок,Снежок,Snowball,雪球,स्नोबॉल,Bola de Nieve,Flocon,كرة الثلج,Bolinha de Neve,তুষার,برفانی,Bola Salju,Schneeball,スノー
МОРОЗНЫЕ ЛАПКИ,МОРОЗНЫЕ ЛАПКИ,FROSTY PAWS,冰霜猫爪,बर्फीले पंजे,PATAS HELADAS,PATTES GIVRÉES,كفوف جليدية,PATAS GELADAS,বরফশীতল থাবা,برفیلے پنجے,CAKAR BEKU,FROSTPFOTEN,氷の肉球
Заморозить,Заморозить,Freeze,冰冻,जमा दें,Congelar,Geler,تجميد,Congelar,জমিয়ে দিন,جما دیں,Bekukan,Einfrieren,凍らせる
Тень,Тень,Shadow,暗影,परछाईं,Sombra,Ombre,ظل,Sombra,ছায়া,سایہ,Bayangan,Schatten,シャドウ
СКВОЗЬ ПРЕГРАДЫ,СКВОЗЬ ПРЕГРАДЫ,THROUGH OBSTACLES,穿越障碍,बाधाओं के पार,ATRAVIESA OBSTÁCULOS,TRAVERSE LES OBSTACLES,عبر العوائق,ATRAVESSA OBSTÁCULOS,বাধা ভেদ করে,رکاوٹوں کے پار,TEMBUS RINTANGAN,DURCH HINDERNISSE,障害物をすり抜ける
Сквозь блоки,Сквозь блоки,Phase through,穿透方块,आर-पार,Atravesar,Traverser,عبور الكتل,Atravessar,ভেদ করুন,آر پار,Tembus,Durchdringen,すり抜け
Валун,Валун,Boulder,巨石,चट्टान,Roca,Roc,صخرة,Rochedo,পাথর,چٹان,Bongkah,Fels,ボルダー
УДАР СВЕРХУ,УДАР СВЕРХУ,STRIKE FROM ABOVE,从天而降,ऊपर से वार,GOLPE DESDE ARRIBA,FRAPPE PLONGEANTE,ضربة من الأعلى,GOLPE DO ALTO,উপর থেকে আঘাত,اوپر سے وار,SERANGAN DARI ATAS,ANGRIFF VON OBEN,上からの一撃
Удар вниз,Удар вниз,Slam down,下坠重击,नीचे वार,Caída,Plongeon,ضربة للأسفل,Mergulho,নিচে আঘাত,نیچے وار,Hantam bawah,Sturzangriff,急降下
Следопыт,Следопыт,Tracker,追踪者,खोजी,Rastreador,Pisteur,متعقب,Rastreador,অনুসন্ধানী,کھوجی,Pelacak,Spürnase,トラッカー
ЦЕЛЬ НАЙДЕНА,ЦЕЛЬ НАЙДЕНА,TARGET ACQUIRED,锁定目标,लक्ष्य मिला,OBJETIVO LOCALIZADO,CIBLE REPÉRÉE,تم تحديد الهدف,ALVO LOCALIZADO,লক্ষ্য পাওয়া গেছে,ہدف مل گیا,TARGET DITEMUKAN,ZIEL ERFASST,ターゲット発見
Навестись,Навестись,Home in,追踪,लक्ष्य साधें,Guiar,Verrouiller,توجيه,Mirar,লক্ষ্য ধরুন,نشانہ باندھیں,Bidik,Anvisieren,追尾
Тройка,Тройка,Trio,三小只,तिकड़ी,Trío,Trio,ثلاثي,Trio,ত্রয়ী,تکڑی,Trio,Trio,トリオ
ТРИ ВМЕСТО ОДНОГО,ТРИ ВМЕСТО ОДНОГО,THREE IN ONE,一分为三,एक की जगह तीन,TRES EN UNO,TROIS EN UN,ثلاثة بدل واحد,TRÊS EM UM,একের জায়গায় তিন,ایک کی جگہ تین,TIGA JADI SATU,DREI STATT EINER,1匹が3匹に
Разделиться,Разделиться,Split,分裂,बँट जाएँ,Dividir,Séparer,انقسام,Dividir,ভাগ হন,بٹ جائیں,Membelah,Aufteilen,分裂
Магнит,Магнит,Magnet,磁铁,चुंबक,Imán,Aimant,مغناطيس,Ímã,চুম্বক,مقناطیس,Magnet,Magnet,マグネット
КОШАЧЬЯ ТЯГА,КОШАЧЬЯ ТЯГА,FELINE ATTRACTION,猫咪引力,बिल्ली का आकर्षण,ATRACCIÓN FELINA,ATTRACTION FÉLINE,جاذبية القطط,ATRAÇÃO FELINA,বিড়ালের আকর্ষণ,بلی کی کشش,TARIKAN KUCING,KATZENANZIEHUNG,ネコの引力
Притянуть,Притянуть,Attract,吸引,खींचें,Atraer,Attirer,جذب,Atrair,টানুন,کھینچیں,Tarik,Anziehen,引き寄せ
Ветерок,Ветерок,Breeze,微风,समीर,Brisa,Brise,نسيم,Brisa,হাওয়া,نسیم,Angin,Brise,ブリーズ
ПОРЫВ ВЕТРА,ПОРЫВ ВЕТРА,WIND GUST,一阵狂风,हवा का झोंका,RÁFAGA DE VIENTO,RAFALE DE VENT,هبة ريح,RAJADA DE VENTO,দমকা হাওয়া,ہوا کا جھونکا,HEMBUSAN ANGIN,WINDBÖE,突風
Порыв,Порыв,Gust,风暴,झोंका,Ráfaga,Rafale,هبة,Rajada,দমকা হাওয়া,جھونکا,Hembus,Windstoß,突風
Дружок,Дружок,Buddy,小伙伴,दोस्त,Amigo,Copain,رفيق,Amigo,বন্ধু,دوست,Sobat,Kumpel,バディ
ПЕРВЫЙ СОПЕРНИК,ПЕРВЫЙ СОПЕРНИК,FIRST OPPONENT,第一个对手,पहला विरोधी,PRIMER RIVAL,PREMIER ADVERSAIRE,الخصم الأول,PRIMEIRO ADVERSÁRIO,প্রথম প্রতিপক্ষ,پہلا حریف,LAWAN PERTAMA,ERSTER GEGNER,最初のライバル
Шустрик,Шустрик,Skippy,小跳,फुर्तीला,Saltarín,Bondy,وثاب,Saltitante,চঞ্চল,پھرتیلا,Lompat,Hüpfer,ホッパー
ПРЫЖОК-УКЛОНЕНИЕ,ПРЫЖОК-УКЛОНЕНИЕ,DODGING JUMP,跳跃闪避,कूदकर बचाव,SALTO EVASIVO,SAUT D’ESQUIVE,قفزة تفادٍ,SALTO DE ESQUIVA,লাফিয়ে এড়ানো,کود کر بچاؤ,LOMPATAN MENGHINDAR,AUSWEICHSPRUNG,ジャンプで回避
Бульдог,Бульдог,Bulldog,斗牛犬,बुलडॉग,Bulldog,Bouledogue,بلدغ,Buldogue,বুলডগ,بل ڈاگ,Bulldog,Bulldogge,ブルドッグ
ЗАЩИТНЫЙ ЩИТ,ЗАЩИТНЫЙ ЩИТ,PROTECTIVE SHIELD,防护盾,सुरक्षा ढाल,ESCUDO PROTECTOR,BOUCLIER PROTECTEUR,درع واقٍ,ESCUDO PROTETOR,সুরক্ষা ঢাল,حفاظتی ڈھال,PERISAI PELINDUNG,SCHUTZSCHILD,守りの盾
"В полёте резко ускоряется вперёд. Выбери момент, чтобы пробить оборону.","В полёте резко ускоряется вперёд. Выбери момент, чтобы пробить оборону.",Dashes forward in flight. Time it right to break through the defenses.,在空中突然向前加速。抓准时机突破防线。,उड़ते समय तेज़ी से आगे झपटता है। रक्षा तोड़ने के लिए सही समय चुनें।,Acelera de golpe en vuelo. Elige el momento para romper la defensa.,Accélère brusquement en vol. Choisis le bon moment pour percer la défense.,يندفع للأمام أثناء الطيران. اختر اللحظة المناسبة لاختراق الدفاع.,Acelera no ar. Escolha o momento certo para romper a defesa.,উড়ন্ত অবস্থায় সামনে ঝাঁপায়। প্রতিরক্ষা ভাঙতে সঠিক সময় বাছুন।,اڑتے ہوئے تیزی سے آگے جھپٹتا ہے۔ دفاع توڑنے کے لیے صحیح وقت چنیں۔,Melesat maju saat terbang. Pilih waktu tepat untuk menembus pertahanan.,"Beschleunigt im Flug nach vorn. Wähle den richtigen Moment, um die Abwehr zu durchbrechen.",飛行中に前方へ急加速。タイミングを合わせて守りを突破しよう。
Взрывается при ударе и разбрасывает всё вокруг. Можно подорвать в полёте.,Взрывается при ударе и разбрасывает всё вокруг. Можно подорвать в полёте.,"Explodes on impact, scattering everything nearby. Can also detonate in midair.",碰撞时爆炸，炸飞周围的一切。也可在空中引爆。,टकराते ही फटकर आसपास की चीज़ें बिखेर देती है। हवा में भी विस्फोट कर सकते हैं।,Explota al impactar y lanza todo por los aires. También puede detonar en vuelo.,Explose à l’impact et projette tout autour. Peut aussi exploser en vol.,تنفجر عند الاصطدام وتبعثر ما حولها. يمكن تفجيرها أثناء الطيران.,Explode ao bater e espalha tudo ao redor. Também pode explodir no ar.,আঘাতে বিস্ফোরিত হয়ে চারপাশ ছড়িয়ে দেয়। আকাশেও ফাটানো যায়।,ٹکر پر پھٹ کر آس پاس کی چیزیں بکھیر دیتی ہے۔ ہوا میں بھی دھماکا ہو سکتا ہے۔,Meledak saat benturan dan melempar semua di dekatnya. Bisa diledakkan di udara.,Explodiert beim Aufprall und schleudert alles in der Nähe weg. Auch im Flug zündbar.,衝突すると爆発して周囲を吹き飛ばす。空中でも起爆できる。
Первые мгновения летит волной: меняет высоту и бьёт под неожиданным углом.,Первые мгновения летит волной: меняет высоту и бьёт под неожиданным углом.,"Flies in a wave at first, changing height to strike from an unexpected angle.",起飞后短暂波浪飞行，改变高度，从意想不到的角度攻击。,"शुरू में लहराकर उड़ता है, ऊँचाई बदलकर अनोखे कोण से वार करता है।",Al principio vuela en ondas: cambia de altura y golpea desde un ángulo inesperado.,Vole d’abord en vagues : change d’altitude et frappe sous un angle inattendu.,يطير بشكل متموج في البداية، ويغيّر ارتفاعه ليضرب من زاوية غير متوقعة.,No início voa em ondas: muda de altura e atinge de um ângulo inesperado.,শুরুতে ঢেউয়ের মতো উড়ে উচ্চতা বদলায় এবং অপ্রত্যাশিত কোণ থেকে আঘাত করে।,شروع میں لہراتے ہوئے اڑتا ہے، اونچائی بدل کر غیر متوقع زاویے سے وار کرتا ہے۔,"Awalnya terbang bergelombang, mengubah ketinggian dan menyerang dari sudut tak terduga.","Fliegt anfangs in Wellen, ändert die Höhe und trifft aus einem unerwarteten Winkel.",飛び始めは波のように上下に動き、意外な角度から攻撃する。
"Замораживает близких собак на 2,4 секунды. Обездвиженные цели проще сбить.","Замораживает близких собак на 2,4 секунды. Обездвиженные цели проще сбить.",Freezes nearby dogs for 2.4 seconds. Stationary targets are easier to hit.,将附近狗狗冻结2.4秒。不动的目标更容易击中。,पास के कुत्तों को 2.4 सेकंड के लिए जमा देता है। स्थिर निशाने गिराना आसान है।,"Congela a los perros cercanos durante 2,4 segundos. Es más fácil acertar a blancos inmóviles.","Gèle les chiens proches pendant 2,4 secondes. Les cibles immobiles sont plus faciles à toucher.",يجمّد الكلاب القريبة لمدة 2.4 ثانية. إصابة الأهداف الساكنة أسهل.,"Congela cães próximos por 2,4 segundos. Alvos parados são mais fáceis de acertar.",কাছের কুকুরদের ২.৪ সেকেন্ড জমিয়ে দেয়। স্থির লক্ষ্যকে আঘাত করা সহজ।,قریبی کتوں کو 2.4 سیکنڈ کے لیے جما دیتا ہے۔ ساکن ہدف گرانا آسان ہے۔,"Membekukan anjing di dekatnya selama 2,4 detik. Target diam lebih mudah dijatuhkan.","Friert Hunde in der Nähe für 2,4 Sekunden ein. Unbewegliche Ziele sind leichter zu treffen.",近くのイヌを2.4秒凍らせる。動かない相手は倒しやすい。
"На 1,15 секунды проходит сквозь блоки. Собаки и земля остаются осязаемыми.","На 1,15 секунды проходит сквозь блоки. Собаки и земля остаются осязаемыми.",Passes through blocks for 1.15 seconds. Dogs and ground remain solid.,在1.15秒内穿过方块。仍会撞到狗狗和地面。,1.15 सेकंड तक ब्लॉक के आर-पार जाता है। कुत्तों और ज़मीन से टकराता है।,"Atraviesa bloques durante 1,15 segundos. Los perros y el suelo siguen siendo sólidos.","Traverse les blocs pendant 1,15 seconde. Les chiens et le sol restent solides.",يعبر الكتل لمدة 1.15 ثانية. يظل يصطدم بالكلاب والأرض.,"Atravessa blocos por 1,15 segundo. Os cães e o chão continuam sólidos.",১.১৫ সেকেন্ড ব্লক ভেদ করে যায়। কুকুর ও মাটিতে তবু ধাক্কা লাগে।,1.15 سیکنڈ تک بلاکس کے پار جاتا ہے۔ کتوں اور زمین سے ٹکراتا ہے۔,"Menembus balok selama 1,15 detik. Anjing dan tanah tetap bisa ditabrak.","Durchdringt Blöcke für 1,15 Sekunden. Hunde und Boden bleiben fest.",1.15秒間ブロックをすり抜ける。イヌや地面にはぶつかる。
Камнем падает вниз. Залети над башней и обрушь на неё всю кошачью силу.,Камнем падает вниз. Залети над башней и обрушь на неё всю кошачью силу.,Drops like a rock. Fly above a tower and bring all your feline force down on it.,像石头一样坠落。飞到塔上方，用全身力量砸下去。,पत्थर की तरह नीचे गिरता है। मीनार के ऊपर जाकर पूरी ताकत से टूट पड़ें।,Cae como una roca. Vuela sobre la torre y aplástala con toda tu fuerza felina.,Tombe comme une pierre. Survole la tour et écrase-la de toute ta force féline.,يسقط كالصخرة. طر فوق البرج واهبط عليه بكل قوة القطط.,Cai como uma pedra. Voe sobre a torre e derrube-a com toda a força felina.,পাথরের মতো পড়ে যায়। টাওয়ারের উপর উড়ে গিয়ে পুরো শক্তিতে আঘাত করুন।,پتھر کی طرح گرتا ہے۔ مینار کے اوپر اڑ کر پوری طاقت سے گریں۔,"Jatuh seperti batu. Terbang di atas menara, lalu hantam dengan seluruh tenaga kucing.",Fällt wie ein Stein. Fliege über den Turm und lass deine ganze Katzenkraft auf ihn niedergehen.,石のように真下へ落ちる。塔の上からネコの全力をぶつけよう。
"На 1,35 секунды поворачивает к ближайшей собаке. Помоги ему выбрать удачный заход.","На 1,35 секунды поворачивает к ближайшей собаке. Помоги ему выбрать удачный заход.",Steers toward the nearest dog for 1.35 seconds. Help it find a good approach.,在1.35秒内转向最近的狗狗。帮它选择合适的进攻路线。,1.35 सेकंड तक सबसे पास के कुत्ते की ओर मुड़ता है। अच्छा रास्ता चुनने में मदद करें।,"Gira hacia el perro más cercano durante 1,35 segundos. Ayúdale a encontrar una buena entrada.","Se dirige vers le chien le plus proche pendant 1,35 seconde. Aide-le à bien approcher.",يتجه نحو أقرب كلب لمدة 1.35 ثانية. ساعده في اختيار اقتراب مناسب.,"Vira em direção ao cão mais próximo por 1,35 segundo. Ajude a escolher uma boa aproximação.",১.৩৫ সেকেন্ড কাছের কুকুরের দিকে ঘোরে। ভালো পথ বেছে নিতে সাহায্য করুন।,1.35 سیکنڈ تک قریب ترین کتے کی طرف مڑتا ہے۔ اچھا راستہ چننے میں مدد کریں۔,"Berbelok ke anjing terdekat selama 1,35 detik. Bantu memilih sudut masuk yang tepat.","Lenkt für 1,35 Sekunden zum nächsten Hund. Hilf ihm, einen guten Anflug zu finden.",1.35秒間、最も近いイヌへ向きを変える。狙いやすい進入角度を選ぼう。
Разделяется на трёх маленьких котов. Они летят веером и задевают больше целей.,Разделяется на трёх маленьких котов. Они летят веером и задевают больше целей.,Splits into three small cats. They fan out to hit more targets.,分成三只小猫，呈扇形散开，击中更多目标。,तीन छोटे बिल्लों में बँटता है। फैलकर उड़ते हैं और ज़्यादा निशाने लगाते हैं।,Se divide en tres gatitos que vuelan en abanico y alcanzan más objetivos.,Se sépare en trois chatons qui s’écartent en éventail pour toucher plus de cibles.,ينقسم إلى ثلاث قطط صغيرة تطير متفرقة لتصيب أهدافًا أكثر.,Divide-se em três gatinhos que voam em leque e atingem mais alvos.,তিনটি ছোট বিড়ালে ভাগ হয়ে ছড়িয়ে উড়ে আরও বেশি লক্ষ্যকে আঘাত করে।,تین چھوٹی بلیوں میں بٹتا ہے۔ پھیل کر اڑتی ہیں اور زیادہ اہداف کو لگتی ہیں۔,Membelah menjadi tiga kucing kecil yang menyebar untuk mengenai lebih banyak target.,Teilt sich in drei kleine Katzen. Sie fliegen fächerförmig und treffen mehr Ziele.,3匹の子ネコに分裂。扇状に飛んで多くの相手に当たる。
"На 1,4 секунды притягивает к себе близкие блоки. Вытащи опору из башни.","На 1,4 секунды притягивает к себе близкие блоки. Вытащи опору из башни.",Pulls nearby blocks toward itself for 1.4 seconds. Pull the support out of a tower.,在1.4秒内吸引附近方块。把塔的支撑抽走吧。,1.4 सेकंड तक पास के ब्लॉक खींचता है। मीनार का सहारा निकालें।,"Atrae los bloques cercanos durante 1,4 segundos. Quita el apoyo de la torre.","Attire les blocs proches pendant 1,4 seconde. Arrache les supports de la tour.",يجذب الكتل القريبة لمدة 1.4 ثانية. اسحب دعامة البرج.,"Atrai blocos próximos por 1,4 segundo. Puxe o apoio da torre.",১.৪ সেকেন্ড কাছের ব্লক টেনে আনে। টাওয়ারের ভিত্তি টেনে সরান।,1.4 سیکنڈ تک قریبی بلاکس کھینچتا ہے۔ مینار کا سہارا نکالیں۔,"Menarik balok di dekatnya selama 1,4 detik. Tarik penyangga menara.","Zieht Blöcke in der Nähe für 1,4 Sekunden an. Ziehe dem Turm die Stütze weg.",1.4秒間、近くのブロックを引き寄せる。塔の支えを引き抜こう。
Порывом ветра толкает близкие блоки и собак вперёд и вверх. Раскачай башню!,Порывом ветра толкает близкие блоки и собак вперёд и вверх. Раскачай башню!,Blows nearby blocks and dogs forward and upward with a gust. Rock the tower!,用一阵风把附近方块和狗狗向前上方吹走。摇晃高塔吧！,हवा के झोंके से पास के ब्लॉक और कुत्तों को आगे और ऊपर धकेलता है। मीनार हिलाएँ!,Una ráfaga empuja bloques y perros cercanos hacia delante y arriba. ¡Sacude la torre!,Une rafale pousse les blocs et chiens proches vers l’avant et le haut. Fais vaciller la tour !,يدفع الكتل والكلاب القريبة للأمام وللأعلى بهبة ريح. هزّ البرج!,Uma rajada empurra blocos e cães próximos para frente e para cima. Balance a torre!,দমকা হাওয়ায় কাছের ব্লক ও কুকুরকে সামনে ও উপরে ঠেলে দেয়। টাওয়ার দোলান!,ہوا کے جھونکے سے قریبی بلاکس اور کتوں کو آگے اور اوپر دھکیلتا ہے۔ مینار ہلائیں!,Hembusan angin mendorong balok dan anjing di dekatnya ke depan dan atas. Goyangkan menara!,Eine Böe stößt nahe Blöcke und Hunde nach vorn und oben. Bring den Turm ins Wanken!,突風で近くのブロックやイヌを前方と上へ押し出す。塔を揺らそう！
Обычный защитник двора. Одного хорошего попадания достаточно.,Обычный защитник двора. Одного хорошего попадания достаточно.,An ordinary yard defender. One good hit is enough.,普通的院子守卫。一次有力的命中就够了。,आँगन का साधारण रक्षक। एक अच्छा निशाना काफ़ी है।,Un defensor normal del patio. Basta con un buen golpe.,Un gardien ordinaire de la cour. Un bon coup suffit.,حارس عادي للساحة. ضربة جيدة واحدة تكفي.,Um defensor comum do quintal. Um bom acerto basta.,উঠোনের সাধারণ রক্ষক। একটি ভালো আঘাতই যথেষ্ট।,صحن کا عام محافظ۔ ایک اچھا نشانہ کافی ہے۔,Penjaga halaman biasa. Satu hantaman yang bagus sudah cukup.,Ein gewöhnlicher Hofwächter. Ein guter Treffer reicht.,庭の普通の守り手。しっかり一撃当てれば倒せる。
"Ходит вправо-влево по земле и подпрыгивает, когда кошка подлетает близко. Лови момент для удара.","Ходит вправо-влево по земле и подпрыгивает, когда кошка подлетает близко. Лови момент для удара.",Walks back and forth on the ground and jumps when a cat flies close. Time your hit carefully.,在地面上来回走动，猫咪飞近时会跳起。把握好攻击时机。,ज़मीन पर आगे-पीछे चलता है और बिल्ली पास उड़ने पर उछलता है। वार का सही समय पकड़ें।,Camina de un lado a otro por el suelo y salta cuando un gato se acerca volando. Calcula bien el momento de golpear.,Marche de gauche à droite au sol et saute quand un chat s’approche en vol. Trouve le bon moment pour frapper.,يمشي ذهابًا وإيابًا على الأرض ويقفز عندما تقترب قطة طائرة. اختر لحظة الضرب.,Anda de um lado para o outro no chão e pula quando um gato se aproxima voando. Acerte o momento do golpe.,মাটিতে এদিক-ওদিক হাঁটে এবং বিড়াল উড়ে কাছে এলে লাফায়। আঘাতের সঠিক সময় ধরুন।,زمین پر آگے پیچھے چلتا ہے اور بلی اڑتے ہوئے قریب آئے تو اچھلتا ہے۔ وار کا وقت پکڑیں۔,Berjalan bolak-balik di tanah dan melompat saat kucing terbang mendekat. Pilih saat tepat untuk menyerang.,"Läuft am Boden hin und her und springt, wenn eine Katze nahe heranfliegt. Passe den richtigen Moment für den Treffer ab.",地面を左右に歩き、ネコが近づくとジャンプする。タイミングを見て当てよう。
Щит выдерживает первый сильный удар или взрыв. Затем Бульдог уязвим.,Щит выдерживает первый сильный удар или взрыв. Затем Бульдог уязвим.,The shield absorbs the first strong hit or blast. Then Bulldog is vulnerable.,盾牌能挡住第一次重击或爆炸。之后斗牛犬就会暴露弱点。,ढाल पहला ज़ोरदार वार या विस्फोट रोकती है। फिर बुलडॉग असुरक्षित हो जाता है।,El escudo aguanta el primer golpe fuerte o explosión. Después Bulldog queda vulnerable.,"Le bouclier résiste au premier choc puissant ou à une explosion. Ensuite, Bouledogue est vulnérable.",يتحمل الدرع أول ضربة قوية أو انفجار. بعدها يصبح بلدغ مكشوفًا.,O escudo resiste ao primeiro golpe forte ou explosão. Depois Buldogue fica vulnerável.,ঢাল প্রথম শক্ত আঘাত বা বিস্ফোরণ ঠেকায়। তারপর বুলডগ অরক্ষিত।,ڈھال پہلا زوردار وار یا دھماکا روکتی ہے۔ پھر بل ڈاگ غیر محفوظ ہو جاتا ہے۔,Perisai menahan hantaman kuat atau ledakan pertama. Setelah itu Bulldog rentan.,Der Schild hält den ersten starken Treffer oder eine Explosion ab. Danach ist die Bulldogge verwundbar.,盾が最初の強い攻撃や爆発を防ぐ。その後はブルドッグに攻撃が通る。
В полёте: кнопка «Рывок» или E. Один раз за бросок.,В полёте: кнопка «Рывок» или E. Один раз за бросок.,In flight: Dash button or E. Once per throw.,飞行中：按“冲刺”或E。每次发射限一次。,उड़ते समय: झपट्टा बटन या E। हर शॉट में एक बार।,En vuelo: botón Impulso o E. Una vez por lanzamiento.,En vol : bouton Ruée ou E. Une fois par lancer.,أثناء الطيران: زر اندفاع أو E. مرة لكل رمية.,No ar: botão Arrancada ou E. Uma vez por lançamento.,উড়ন্ত অবস্থায়: ঝাঁপ বোতাম বা E। প্রতি নিক্ষেপে একবার।,اڑتے وقت: جھپٹا بٹن یا E۔ ہر نشانے میں ایک بار۔,Saat terbang: tombol Lesat atau E. Sekali per lemparan.,Im Flug: Spurt-Taste oder E. Einmal pro Wurf.,飛行中：「ダッシュ」かE。1回の発射につき1度。
В полёте: кнопка «Взорвать» или E.,В полёте: кнопка «Взорвать» или E.,In flight: Detonate button or E.,飞行中：按“引爆”或E。,उड़ते समय: विस्फोट बटन या E।,En vuelo: botón Detonar o E.,En vol : bouton Exploser ou E.,أثناء الطيران: زر تفجير أو E.,No ar: botão Detonar ou E.,উড়ন্ত অবস্থায়: বিস্ফোরণ বোতাম বা E।,اڑتے وقت: دھماکا بٹن یا E۔,Saat terbang: tombol Ledakkan atau E.,Im Flug: Zünden-Taste oder E.,飛行中：「爆発」かE。
Зигзаг включается после запуска.,Зигзаг включается после запуска.,Zigzag activates after launch.,发射后自动启用波浪飞行。,छोड़ने के बाद ज़िगज़ैग चालू होता है।,Zigzag se activa tras el lanzamiento.,Zigzag s’active après le lancement.,يبدأ التعرج بعد الإطلاق.,O ziguezague começa após o lançamento.,ছোড়ার পর জিগজ্যাগ চালু হয়।,چھوڑنے کے بعد زگ زیگ چالو ہوتا ہے۔,Zigzag aktif setelah diluncurkan.,Zickzack aktiviert sich nach dem Abschuss.,発射するとジグザグ飛行が始まる。
В полёте: кнопка «Заморозить» или E. Один раз за бросок.,В полёте: кнопка «Заморозить» или E. Один раз за бросок.,In flight: Freeze button or E. Once per throw.,飞行中：按“冰冻”或E。每次发射限一次。,उड़ते समय: जमा दें बटन या E। हर शॉट में एक बार।,En vuelo: botón Congelar o E. Una vez por lanzamiento.,En vol : bouton Geler ou E. Une fois par lancer.,أثناء الطيران: زر تجميد أو E. مرة لكل رمية.,No ar: botão Congelar ou E. Uma vez por lançamento.,উড়ন্ত অবস্থায়: জমিয়ে দিন বোতাম বা E। প্রতি নিক্ষেপে একবার।,اڑتے وقت: جما دیں بٹن یا E۔ ہر نشانے میں ایک بار۔,Saat terbang: tombol Bekukan atau E. Sekali per lemparan.,Im Flug: Einfrieren-Taste oder E. Einmal pro Wurf.,飛行中：「凍らせる」かE。1回の発射につき1度。
В полёте: кнопка «Сквозь блоки» или E. Один раз за бросок.,В полёте: кнопка «Сквозь блоки» или E. Один раз за бросок.,In flight: Phase through button or E. Once per throw.,飞行中：按“穿透方块”或E。每次发射限一次。,उड़ते समय: आर-पार बटन या E। हर शॉट में एक बार।,En vuelo: botón Atravesar o E. Una vez por lanzamiento.,En vol : bouton Traverser ou E. Une fois par lancer.,أثناء الطيران: زر عبور الكتل أو E. مرة لكل رمية.,No ar: botão Atravessar ou E. Uma vez por lançamento.,উড়ন্ত অবস্থায়: ভেদ করুন বোতাম বা E। প্রতি নিক্ষেপে একবার।,اڑتے وقت: آر پار بٹن یا E۔ ہر نشانے میں ایک بار۔,Saat terbang: tombol Tembus atau E. Sekali per lemparan.,Im Flug: Durchdringen-Taste oder E. Einmal pro Wurf.,飛行中：「すり抜け」かE。1回の発射につき1度。
В полёте: кнопка «Удар вниз» или E. Один раз за бросок.,В полёте: кнопка «Удар вниз» или E. Один раз за бросок.,In flight: Slam down button or E. Once per throw.,飞行中：按“下坠重击”或E。每次发射限一次。,उड़ते समय: नीचे वार बटन या E। हर शॉट में एक बार।,En vuelo: botón Caída o E. Una vez por lanzamiento.,En vol : bouton Plongeon ou E. Une fois par lancer.,أثناء الطيران: زر ضربة للأسفل أو E. مرة لكل رمية.,No ar: botão Mergulho ou E. Uma vez por lançamento.,উড়ন্ত অবস্থায়: নিচে আঘাত বোতাম বা E। প্রতি নিক্ষেপে একবার।,اڑتے وقت: نیچے وار بٹن یا E۔ ہر نشانے میں ایک بار۔,Saat terbang: tombol Hantam bawah atau E. Sekali per lemparan.,Im Flug: Sturzangriff-Taste oder E. Einmal pro Wurf.,飛行中：「急降下」かE。1回の発射につき1度。
В полёте: кнопка «Навестись» или E. Один раз за бросок.,В полёте: кнопка «Навестись» или E. Один раз за бросок.,In flight: Home in button or E. Once per throw.,飞行中：按“追踪”或E。每次发射限一次。,उड़ते समय: लक्ष्य साधें बटन या E। हर शॉट में एक बार।,En vuelo: botón Guiar o E. Una vez por lanzamiento.,En vol : bouton Verrouiller ou E. Une fois par lancer.,أثناء الطيران: زر توجيه أو E. مرة لكل رمية.,No ar: botão Mirar ou E. Uma vez por lançamento.,উড়ন্ত অবস্থায়: লক্ষ্য ধরুন বোতাম বা E। প্রতি নিক্ষেপে একবার।,اڑتے وقت: نشانہ باندھیں بٹن یا E۔ ہر نشانے میں ایک بار۔,Saat terbang: tombol Bidik atau E. Sekali per lemparan.,Im Flug: Anvisieren-Taste oder E. Einmal pro Wurf.,飛行中：「追尾」かE。1回の発射につき1度。
В полёте: кнопка «Разделиться» или E. Один раз за бросок.,В полёте: кнопка «Разделиться» или E. Один раз за бросок.,In flight: Split button or E. Once per throw.,飞行中：按“分裂”或E。每次发射限一次。,उड़ते समय: बँट जाएँ बटन या E। हर शॉट में एक बार।,En vuelo: botón Dividir o E. Una vez por lanzamiento.,En vol : bouton Séparer ou E. Une fois par lancer.,أثناء الطيران: زر انقسام أو E. مرة لكل رمية.,No ar: botão Dividir ou E. Uma vez por lançamento.,উড়ন্ত অবস্থায়: ভাগ হন বোতাম বা E। প্রতি নিক্ষেপে একবার।,اڑتے وقت: بٹ جائیں بٹن یا E۔ ہر نشانے میں ایک بار۔,Saat terbang: tombol Membelah atau E. Sekali per lemparan.,Im Flug: Aufteilen-Taste oder E. Einmal pro Wurf.,飛行中：「分裂」かE。1回の発射につき1度。
В полёте: кнопка «Притянуть» или E. Действует на близкие блоки.,В полёте: кнопка «Притянуть» или E. Действует на близкие блоки.,In flight: Attract button or E. Affects nearby blocks.,飞行中：按“吸引”或E。作用于附近方块。,उड़ते समय: खींचें बटन या E। पास के ब्लॉक पर असर करता है।,En vuelo: botón Atraer o E. Afecta a bloques cercanos.,En vol : bouton Attirer ou E. Agit sur les blocs proches.,أثناء الطيران: زر جذب أو E. يؤثر على الكتل القريبة.,No ar: botão Atrair ou E. Afeta os blocos próximos.,উড়ন্ত অবস্থায়: টানুন বোতাম বা E। কাছের ব্লকে কাজ করে।,اڑتے وقت: کھینچیں بٹن یا E۔ قریبی بلاکس پر اثر کرتا ہے۔,Saat terbang: tombol Tarik atau E. Memengaruhi balok di dekatnya.,Im Flug: Anziehen-Taste oder E. Wirkt auf nahe Blöcke.,飛行中：「引き寄せ」かE。近くのブロックに作用する。
В полёте: кнопка «Порыв» или E. Один раз за бросок.,В полёте: кнопка «Порыв» или E. Один раз за бросок.,In flight: Gust button or E. Once per throw.,飞行中：按“风暴”或E。每次发射限一次。,उड़ते समय: झोंका बटन या E। हर शॉट में एक बार।,En vuelo: botón Ráfaga o E. Una vez por lanzamiento.,En vol : bouton Rafale ou E. Une fois par lancer.,أثناء الطيران: زر هبة أو E. مرة لكل رمية.,No ar: botão Rajada ou E. Uma vez por lançamento.,উড়ন্ত অবস্থায়: দমকা হাওয়া বোতাম বা E। প্রতি নিক্ষেপে একবার।,اڑتے وقت: جھونکا بٹن یا E۔ ہر نشانے میں ایک بار۔,Saat terbang: tombol Hembus atau E. Sekali per lemparan.,Im Flug: Windstoß-Taste oder E. Einmal pro Wurf.,飛行中：「突風」かE。1回の発射につき1度。
Прямое попадание или обрушение блока.,Прямое попадание или обрушение блока.,A direct hit or a falling block.,直接命中或砸下方块。,सीधा वार या गिरता ब्लॉक।,Un golpe directo o un bloque que caiga.,Un coup direct ou la chute d’un bloc.,إصابة مباشرة أو كتلة ساقطة.,Um acerto direto ou um bloco caindo.,সরাসরি আঘাত বা পড়ন্ত ব্লক।,براہ راست وار یا گرتا بلاک۔,Hantaman langsung atau balok yang jatuh.,Ein direkter Treffer oder ein fallender Block.,直接当てるか、ブロックを落とそう。
"Следи за движением и прыжком, выбирай момент для броска.","Следи за движением и прыжком, выбирай момент для броска.",Watch the movement and jump to time your throw.,观察移动和跳跃，选择投掷时机。,चाल और छलाँग देखकर फेंकने का सही समय चुनें।,Observa el movimiento y el salto para elegir cuándo lanzar.,Observe ses déplacements et son saut pour choisir quand lancer.,راقب الحركة والقفزة لاختيار وقت الرمية.,Observe o movimento e o pulo para escolher a hora de lançar.,চলা ও লাফ দেখে ছোড়ার সময় বেছে নিন।,حرکت اور چھلانگ دیکھ کر پھینکنے کا وقت چنیں۔,Amati gerakan dan lompatan untuk menentukan waktu melempar.,Beobachte die Bewegung und den Sprung und wähle den richtigen Wurfzeitpunkt.,動きとジャンプを見て、投げるタイミングを選ぼう。
"Сначала сбей щит, затем попади ещё раз.","Сначала сбей щит, затем попади ещё раз.","Break the shield first, then hit again.",先打掉盾牌，再次命中。,"पहले ढाल तोड़ें, फिर वार करें।",Rompe primero el escudo y luego golpea otra vez.,"Brise d’abord le bouclier, puis frappe à nouveau.",أسقط الدرع أولًا ثم أصب مجددًا.,"Quebre o escudo primeiro, depois acerte de novo.","আগে ঢাল ভাঙুন, তারপর আবার আঘাত করুন।",پہلے ڈھال توڑیں، پھر دوبارہ وار کریں۔,"Hancurkan perisai dahulu, lalu serang lagi.","Zerstöre zuerst den Schild, triff dann erneut.",まず盾を壊して、もう一度当てよう。
Готово,Готово,Ready,就绪,तैयार,Lista,Prêt,جاهز,Pronta,প্রস্তুত,تیار,Siap,Bereit,使用可能
Использовано,Использовано,Used,已使用,इस्तेमाल हुआ,Usada,Utilisé,تم الاستخدام,Usada,ব্যবহৃত,استعمال ہو چکی,Sudah dipakai,Verbraucht,使用済み
После удара недоступно,После удара недоступно,Unavailable after impact,撞击后不可用,टकराने के बाद अनुपलब्ध,No disponible tras el impacto,Indisponible après le choc,غير متاح بعد الاصطدام,Indisponível após o impacto,আঘাতের পরে অনুপলব্ধ,ٹکرانے کے بعد دستیاب نہیں,Tidak tersedia setelah benturan,Nach Aufprall nicht verfügbar,衝突後は使用不可
Автоматически,Автоматически,Automatic,自动,अपने आप,Automática,Automatique,تلقائي,Automática,স্বয়ংক্রিয়,خودکار,Otomatis,Automatisch,自動
Запусти кота,Запусти кота,Launch the cat,发射猫咪,बिल्ली को छोड़ें,Lanza al gato,Lance le chat,أطلق القط,Lance o gato,বিড়াল ছুড়ুন,بلی کو چھوڑیں,Luncurkan kucing,Schleudere die Katze,ネコを飛ばそう
Сейчас: %s,Сейчас: %s,Now: %s,当前：%s,अभी: %s,Ahora: %s,Maintenant : %s,الآن: %s,Agora: %s,এখন: %s,اب: %s,Sekarang: %s,Jetzt: %s,現在：%s
Справка,Справка,Help,帮助,मदद,Ayuda,Aide,مساعدة,Ajuda,সহায়তা,مدد,Bantuan,Hilfe,ヘルプ
Мяу!,Мяу!,Meow!,喵！,म्याऊँ!,¡Miau!,Miaou !,مياو!,Miau!,ম্যাঁও!,میاؤں!,Meong!,Miau!,ニャー！
О коте,О коте,Cat guide,猫咪指南,बिल्ली की जानकारी,Sobre el gato,Ce chat,عن القط,Sobre o gato,বিড়াল পরিচিতি,بلی کا تعارف,Tentang kucing,Zur Katze,ネコの説明
Весь двор,Весь двор,Whole yard,查看全院,पूरा आँगन,Todo el patio,Toute la cour,الساحة كاملة,Todo o quintal,পুরো উঠোন,پورا صحن,Seluruh halaman,Ganzer Hof,庭全体
Два пальца: масштаб и перемещение двора.,Два пальца: масштаб и перемещение двора.,Use two fingers to zoom and move around the yard.,双指缩放和移动视野。,दो उँगलियों से आँगन को बड़ा-छोटा करें और दृश्य खिसकाएँ।,Usa dos dedos para ampliar y mover la vista del patio.,Deux doigts pour zoomer et déplacer la vue.,استخدم إصبعين للتكبير وتحريك عرض الساحة.,Use dois dedos para ampliar e mover a vista do quintal.,দুই আঙুল দিয়ে উঠোন বড়-ছোট করুন ও দৃশ্য সরান।,دو انگلیوں سے صحن کو بڑا یا چھوٹا کریں اور منظر سرکائیں۔,Gunakan dua jari untuk memperbesar dan menggeser halaman.,Mit zwei Fingern zoomen und den Hof verschieben.,2本の指で庭を拡大・縮小、移動できる。
Колесо мыши: приблизить или отдалить двор.,Колесо мыши: приблизить или отдалить двор.,Use the mouse wheel to zoom in or out.,滚动鼠标滚轮可缩放视野。,माउस के पहिए से दृश्य बड़ा या छोटा करें।,Usa la rueda del ratón para acercar o alejar la vista.,La molette rapproche ou éloigne la vue.,استخدم عجلة الفأرة للتكبير أو التصغير.,Use a roda do mouse para aproximar ou afastar a vista.,মাউসের চাকা দিয়ে দৃশ্য বড় বা ছোট করুন।,ماؤس کے پہیے سے منظر بڑا یا چھوٹا کریں۔,Gunakan roda mouse untuk memperbesar atau memperkecil.,Mit dem Mausrad hinein- oder herauszoomen.,マウスホイールで庭を拡大・縮小できる。
"Нажми кнопку способности в полёте, до удара.","Нажми кнопку способности в полёте, до удара.","Tap the ability button in flight, before impact.",在飞行中、撞击前点击技能按钮。,उड़ान के दौरान टकराने से पहले क्षमता का बटन दबाएँ।,"Pulsa el botón de habilidad en vuelo, antes del impacto.","Appuie sur le pouvoir en vol, avant le choc.",اضغط زر القدرة أثناء الطيران وقبل الاصطدام.,"Toque no botão de habilidade em voo, antes do impacto.",উড়ন্ত অবস্থায় আঘাতের আগে ক্ষমতার বোতাম চাপুন।,پرواز کے دوران ٹکرانے سے پہلے صلاحیت کا بٹن دبائیں۔,"Ketuk tombol kemampuan saat terbang, sebelum menabrak.",Tippe im Flug vor dem Aufprall auf die Fähigkeit.,飛んでいる間、ぶつかる前にスキルボタンを押そう。
"Шаг 2/2. Нажми кнопку способности в полёте, до удара.","Шаг 2/2. Нажми кнопку способности в полёте, до удара.","Step 2/2. Tap the ability button in flight, before impact.",步骤2/2：在飞行中、撞击前点击技能按钮。,चरण 2/2। उड़ान में टकराने से पहले क्षमता का बटन दबाएँ।,"Paso 2/2. Pulsa la habilidad en vuelo, antes del impacto.","Étape 2/2. Appuie sur le pouvoir en vol, avant le choc.",الخطوة 2/2. اضغط زر القدرة أثناء الطيران وقبل الاصطدام.,"Passo 2/2. Toque na habilidade em voo, antes do impacto.",ধাপ ২/২। উড়ন্ত অবস্থায় আঘাতের আগে ক্ষমতার বোতাম চাপুন।,مرحلہ 2/2۔ پرواز میں ٹکرانے سے پہلے صلاحیت کا بٹن دبائیں۔,"Langkah 2/2. Ketuk kemampuan saat terbang, sebelum menabrak.",Schritt 2/2. Tippe im Flug vor dem Aufprall auf die Fähigkeit.,ステップ2/2。飛んでいる間、ぶつかる前にスキルを押そう。
Сквозной проход,Сквозной проход,Open passage,穿行通道,खुला रास्ता,Paso abierto,Passage ouvert,ممر مفتوح,Passagem aberta,খোলা পথ,کھلا راستہ,Jalur tembus,Offener Durchgang,通り抜け
Лестница ветра,Лестница ветра,Wind stairs,风之阶梯,हवा की सीढ़ी,Escalera del viento,Escalier du vent,سلم الريح,Escada do vento,হাওয়ার সিঁড়ি,ہوا کی سیڑھی,Tangga angin,Windtreppe,風の階段
Стеклянный сад,Стеклянный сад,Glass garden,玻璃花园,काँच का बगीचा,Jardín de cristal,Jardin de verre,حديقة الزجاج,Jardim de vidro,কাচের বাগান,شیشے کا باغ,Taman kaca,Glasgarten,ガラスの庭
Каменные ворота,Каменные ворота,Stone gate,石门,पत्थर का द्वार,Puerta de piedra,Porte de pierre,بوابة الحجر,Portão de pedra,পাথরের ফটক,پتھر کا دروازہ,Gerbang batu,Steintor,石の門
Магнитная крыша,Магнитная крыша,Magnetic roof,磁力屋顶,चुंबकीय छत,Techo magnético,Toit magnétique,السقف المغناطيسي,Telhado magnético,চৌম্বক ছাদ,مقناطیسی چھت,Atap magnetis,Magnetdach,磁力の屋根
Высокий дозор,Высокий дозор,High watch,高处哨岗,ऊँची चौकी,Guardia elevada,Poste élevé,الحراسة العالية,Vigia elevada,উঁচু পাহারা,اونچی چوکی,Pos tinggi,Hoher Wachposten,高い見張り台
Замёрзший патруль,Замёрзший патруль,Frozen patrol,冰冻巡逻队,जमी हुई गश्त,Patrulla helada,Patrouille gelée,الدورية المتجمدة,Patrulha congelada,জমাট টহল,منجمد گشت,Patroli beku,Gefrorene Patrouille,凍った巡回隊
Линия щитов,Линия щитов,Shield line,盾牌防线,ढालों की पंक्ति,Línea de escudos,Ligne de boucliers,خط الدروع,Linha de escudos,ঢালের সারি,ڈھالوں کی قطار,Barisan perisai,Schildreihe,盾の防衛線
Ледяные крыши,Ледяные крыши,Ice roofs,冰之屋顶,बर्फीली छतें,Techos helados,Toits glacés,الأسقف الجليدية,Telhados de gelo,বরফের ছাদ,برفانی چھتیں,Atap es,Eisdächer,氷の屋根
Три укрытия,Три укрытия,Three shelters,三座掩体,तीन आश्रय,Tres refugios,Trois abris,ثلاثة ملاجئ,Três abrigos,তিনটি আশ্রয়,تین پناہ گاہیں,Tiga tempat berlindung,Drei Unterschlüpfe,三つの隠れ家
Последний рубеж,Последний рубеж,Last outpost,最后据点,आखिरी चौकी,Último puesto,Dernier bastion,المعقل الأخير,Último posto,শেষ ঘাঁটি,آخری چوکی,Pos terakhir,Letzter Außenposten,最後の砦
Обходные пути,Обходные пути,Alternative paths,迂回路线,वैकल्पिक रास्ते,Rutas alternativas,Chemins détournés,طرق بديلة,Caminhos alternativos,বিকল্প পথ,متبادل راستے,Jalur alternatif,Umwege,回り道
Верхний удар,Верхний удар,Attack from above,从上方攻击,ऊपर से वार,Ataque desde arriba,Attaque par le haut,هجوم من الأعلى,Ataque por cima,উপর থেকে আঘাত,اوپر سے وار,Serangan dari atas,Angriff von oben,上からの攻撃
Холодный фронт,Холодный фронт,Cold front,寒冷前线,ठंडा मोर्चा,Frente frío,Front froid,الجبهة الباردة,Frente fria,শীতল ফ্রন্ট,سرد محاذ,Front dingin,Kaltfront,寒冷前線
Общий сбор,Общий сбор,Team assembly,全员集合,दल का जमाव,Reunión del equipo,Rassemblement,تجمع الفريق,Reunião da equipe,দলের সমাবেশ,ٹیم کا اجتماع,Berkumpul bersama,Teamversammlung,全員集合
Проходы и широкие атаки,Проходы и широкие атаки,Passages and wide attacks,通道与范围攻击,रास्ते और व्यापक वार,Pasos y ataques amplios,Passages et attaques larges,ممرات وهجمات واسعة,Passagens e ataques amplos,পথ ও বিস্তৃত আক্রমণ,راستے اور وسیع حملے,Lorong dan serangan luas,Durchgänge und breite Angriffe,通路と広範囲攻撃
Крыши и высокий дозор,Крыши и высокий дозор,Roofs and high watch,屋顶与高处哨岗,छतें और ऊँची चौकी,Techos y guardia elevada,Toits et poste élevé,أسقف وحراسة عالية,Telhados e vigia elevada,ছাদ ও উঁচু পাহারা,چھتیں اور اونچی چوکی,Atap dan pos tinggi,Dächer und hohe Wachen,屋根と高い見張り台
"Прыгуны, щиты и лёд","Прыгуны, щиты и лёд","Jumpers, shields and ice",跳跃者、盾牌与冰,"उछलने वाले, ढाल और बर्फ","Saltadores, escudos y hielo","Sauteurs, boucliers et glace",قفازون ودروع وجليد,"Saltadores, escudos e gelo","লাফানো কুকুর, ঢাল ও বরফ",چھلانگیں، ڈھالیں اور برف,"Pelompat, perisai dan es","Springer, Schilde und Eis",跳ねる犬、盾、氷
Укрытия и смешанные отряды,Укрытия и смешанные отряды,Shelters and mixed squads,掩体与混合小队,आश्रय और मिश्रित दल,Refugios y equipos mixtos,Abris et équipes mixtes,ملاجئ وفرق متنوعة,Abrigos e equipes mistas,আশ্রয় ও মিশ্র দল,پناہ گاہیں اور مخلوط دستے,Pelindung dan regu campuran,Unterschlüpfe und gemischte Teams,隠れ家と混成部隊
Проведи Тень сквозь опоры к ближней цели.,Проведи Тень сквозь опоры к ближней цели.,Guide Shadow through the posts to the near target.,引导暗影穿过支柱攻击近处目标。,परछाईं को खंभों के पार नज़दीकी लक्ष्य तक पहुँचाओ।,Guía a Sombra entre los pilares al objetivo cercano.,Guide Ombre à travers les piliers vers la cible proche.,وجّه ظل عبر الأعمدة نحو الهدف القريب.,Guie Sombra pelos pilares até o alvo próximo.,ছায়াকে খুঁটির মধ্য দিয়ে কাছের লক্ষ্যে নাও।,سایہ کو ستونوں سے قریبی ہدف تک پہنچاؤ۔,Arahkan Bayangan melewati tiang ke sasaran dekat.,Führe Schatten durch die Stützen zum nahen Ziel.,シャドウを柱の間から近い標的へ導こう。
"Подними Ветерком ближнюю арку, затем атакуй верхнюю площадку.","Подними Ветерком ближнюю арку, затем атакуй верхнюю площадку.","Lift the near arch with Wind, then attack the upper platform.",用微风抬起近处拱架，再攻击上层平台。,"हवा से पास का मेहराब उठाओ, फिर ऊपरी मंच पर वार करो।",Levanta el arco cercano con Viento y ataca la plataforma alta.,"Soulève l'arche proche avec Brise, puis attaque la plateforme haute.",ارفع القوس القريب بالنسيم ثم هاجم المنصة العليا.,Erga o arco próximo com Vento e ataque a plataforma alta.,বাতাস দিয়ে কাছের খিলান তুলে উপরের মঞ্চে আঘাত করো।,ہوا سے قریبی محراب اٹھاؤ، پھر اوپری چبوترے پر وار کرو۔,"Angkat lengkungan dekat dengan Angin, lalu serang platform atas.",Hebe den nahen Bogen mit Wind und greife die obere Plattform an.,ウインドで近いアーチを持ち上げ、上の足場を攻撃しよう。
Раздели Тройку перед стеклянными опорами трёх павильонов.,Раздели Тройку перед стеклянными опорами трёх павильонов.,Split Trio before the glass posts of the three pavilions.,在三座亭子的玻璃支柱前分裂三重猫。,तीनों मंडपों के काँच के खंभों से पहले ट्रायो को बाँटो।,Divide a Trío ante los pilares de cristal de los tres pabellones.,Divise Trio devant les piliers de verre des trois pavillons.,قسّم الثلاثي أمام أعمدة الأجنحة الزجاجية الثلاثة.,Divida o Trio diante dos pilares de vidro dos três pavilhões.,তিনটি মণ্ডপের কাচের খুঁটির আগে ট্রিয়োকে ভাগ করো।,تین خیموں کے شیشے کے ستونوں سے پہلے ٹریو کو تقسیم کرو۔,Pisahkan Trio sebelum tiang kaca tiga paviliun.,Teile Trio vor den Glasstützen der drei Pavillons.,三つの小屋のガラス柱の前でトリオを分裂させよう。
Ударь Валуном сверху: стеклянный пролёт слабее каменных стоек.,Ударь Валуном сверху: стеклянный пролёт слабее каменных стоек.,Dive with Boulder: the glass span is weaker than the stone posts.,用巨石从上方俯冲：玻璃横梁比石柱脆弱。,चट्टान से ऊपर से वार करो: काँच की छत पत्थर के खंभों से कमज़ोर है।,Ataca desde arriba con Roca: el cristal es más débil que la piedra.,Plonge avec Roc : le verre est plus fragile que les piliers de pierre.,اضرب بصخرة من الأعلى: الزجاج أضعف من الأعمدة الحجرية.,Mergulhe com Rochedo: o vidro é mais fraco que os pilares de pedra.,পাথর দিয়ে উপর থেকে আঘাত করো: কাচ পাথরের খুঁটির চেয়ে দুর্বল।,چٹان سے اوپر سے وار کرو: شیشہ پتھر کے ستونوں سے کمزور ہے۔,Menukik dengan Bongkah: bentang kaca lebih rapuh daripada tiang batu.,Stürze mit Fels herab: Glas ist schwächer als Steinpfosten.,ボルダーで急降下しよう。ガラスの梁は石柱より壊れやすい。
Подтяни Магнитом тяжёлые перекрытия и расшатай деревянные опоры.,Подтяни Магнитом тяжёлые перекрытия и расшатай деревянные опоры.,Pull the heavy roofs with Magnet and loosen the wooden posts.,用磁铁拉动沉重屋顶，撼动木柱。,मैग्नेट से भारी छतें खींचो और लकड़ी के खंभे हिलाओ।,Atrae los techos pesados con Imán y afloja los pilares de madera.,Attire les toits lourds avec Aimant et secoue les piliers de bois.,اسحب الأسقف الثقيلة بالمغناطيس وزعزع الأعمدة الخشبية.,Puxe os telhados pesados com Ímã e abale os pilares de madeira.,ম্যাগনেট দিয়ে ভারী ছাদ টেনে কাঠের খুঁটি নাড়াও।,میگنیٹ سے بھاری چھتیں کھینچو اور لکڑی کے ستون ہلاؤ۔,Tarik atap berat dengan Magnet dan goyangkan tiang kayu.,Ziehe schwere Dächer mit Magnet und lockere die Holzstützen.,マグネットで重い屋根を引き寄せ、木の柱を揺らそう。
"Сначала обрушь верхний дозор, затем разбери нижние укрытия.","Сначала обрушь верхний дозор, затем разбери нижние укрытия.","Bring down the high watch first, then clear the lower shelters.",先摧毁高处哨岗，再清除下方掩体。,"पहले ऊँची चौकी गिराओ, फिर निचले आश्रय तोड़ो।",Derriba primero el puesto alto y luego los refugios bajos.,"Abats d'abord le poste haut, puis les abris inférieurs.",أسقط الحراسة العليا أولاً ثم أزل الملاجئ السفلية.,Derrube a vigia alta primeiro e depois os abrigos baixos.,"আগে উঁচু পাহারা নামাও, তারপর নিচের আশ্রয় ভাঙো।",پہلے اونچی چوکی گراؤ، پھر نچلی پناہ گاہیں توڑو۔,"Runtuhkan pos tinggi dahulu, lalu bersihkan pelindung bawah.","Stürze zuerst die hohe Wache, dann die unteren Unterstände.",先に高い見張り台を崩し、下の隠れ家を片づけよう。
Заморозь ближнего прыгуна перед ударом; дальнего прикрывает навес.,Заморозь ближнего прыгуна перед ударом; дальнего прикрывает навес.,Freeze the near jumper before impact; the far one has a canopy.,击中前冻结近处跳跃者，远处目标有顶棚保护。,वार से पहले पास के उछलने वाले को जमाओ; दूर वाले पर छत है।,Congela al saltador cercano; el lejano tiene un techo.,Gèle le sauteur proche avant l'impact ; le loin est sous un auvent.,جمّد القفاز القريب قبل الضربة؛ البعيد محمي بمظلة.,Congele o saltador próximo; o distante tem cobertura.,আঘাতের আগে কাছের লাফানো কুকুরকে জমাও; দূরেরটিতে ছাউনি আছে।,وار سے پہلے قریبی اچھلنے والے کو جماؤ؛ دور والا چھت تلے ہے۔,Bekukan pelompat dekat sebelum benturan; yang jauh dilindungi atap.,Friere den nahen Springer vor dem Treffer ein; der ferne steht unter einem Dach.,近い跳ねる犬を凍らせてから攻撃しよう。遠くの犬は屋根に守られている。
Взрыв снимает щиты; следующий удар поражает защитников.,Взрыв снимает щиты; следующий удар поражает защитников.,An explosion removes shields; the next hit defeats the defenders.,爆炸击落盾牌，下一击击败守卫。,विस्फोट ढालें हटाता है; अगला वार रक्षकों को हराता है।,La explosión quita los escudos; el siguiente golpe vence a los defensores.,L'explosion retire les boucliers ; le coup suivant bat les défenseurs.,الانفجار يزيل الدروع؛ الضربة التالية تهزم المدافعين.,A explosão remove os escudos; o próximo golpe derrota os defensores.,বিস্ফোরণ ঢাল সরায়; পরের আঘাতে রক্ষকরা হারে।,دھماکا ڈھالیں ہٹاتا ہے؛ اگلا وار محافظوں کو ہراتا ہے۔,Ledakan melepas perisai; pukulan berikutnya mengalahkan penjaga.,Die Explosion entfernt Schilde; der nächste Treffer besiegt die Verteidiger.,爆発で盾を外し、次の一撃で守備隊を倒そう。
Выбирай хрупкую крышу вместо прочных стоек.,Выбирай хрупкую крышу вместо прочных стоек.,Aim at the fragile roof rather than the strong posts.,瞄准脆弱屋顶而非坚固支柱。,मज़बूत खंभों के बजाय कमज़ोर छत पर निशाना लगाओ।,Apunta al techo frágil en lugar de los pilares resistentes.,Vise le toit fragile plutôt que les piliers solides.,استهدف السقف الهش بدلاً من الأعمدة القوية.,Mire no telhado frágil em vez dos pilares fortes.,মজবুত খুঁটির বদলে ভঙ্গুর ছাদে নিশানা করো।,مضبوط ستونوں کے بجائے کمزور چھت کو نشانہ بناؤ۔,Bidik atap rapuh alih-alih tiang kuat.,Ziele auf das brüchige Dach statt auf die starken Stützen.,頑丈な柱より壊れやすい屋根を狙おう。
"Разбей ближнюю бочку, пройди под навесом и доберись до дальнего иглу.","Разбей ближнюю бочку, пройди под навесом и доберись до дальнего иглу.","Break the near barrel, pass under the canopy and reach the far igloo.",打破近处木桶，穿过顶棚下方，抵达远处冰屋。,"पास का पीपा तोड़ो, छत के नीचे जाओ और दूर के इग्लू तक पहुँचो।","Rompe el barril cercano, pasa bajo el techo y llega al iglú lejano.","Brise le tonneau proche, passe sous l'auvent et atteins l'igloo lointain.",اكسر البرميل القريب واعبر تحت المظلة إلى الكوخ الجليدي البعيد.,"Quebre o barril próximo, passe sob a cobertura e alcance o iglu distante.","কাছের পিপা ভাঙো, ছাউনির নিচ দিয়ে দূরের ইগলুতে যাও।",قریبی بیرل توڑو، چھت تلے سے دور کے اگلو تک پہنچو۔,"Pecahkan tong dekat, lewat bawah atap, lalu capai iglo jauh.","Zerbrich das nahe Fass, passiere das Dach und erreiche das ferne Iglu.",近い樽を壊し、屋根の下を通って遠いイグルーを目指そう。
"Раздели удар между щитом, верхним дозором и подвижной дальней целью.","Раздели удар между щитом, верхним дозором и подвижной дальней целью.","Spread the attack between the shield, high watch and moving far target.",分配攻击，击破盾牌、高处哨岗和远处移动目标。,"ढाल, ऊँची चौकी और चलते दूर के लक्ष्य पर हमले बाँटो।","Reparte el ataque entre el escudo, el puesto alto y el objetivo móvil lejano.","Répartis l'attaque entre le bouclier, le poste haut et la cible mobile lointaine.",وزّع الهجوم بين الدرع والحراسة العليا والهدف البعيد المتحرك.,"Distribua o ataque entre o escudo, a vigia alta e o alvo móvel distante.","ঢাল, উঁচু পাহারা ও দূরের চলমান লক্ষ্যে আঘাত ভাগ করো।",ڈھال، اونچی چوکی اور دور کے متحرک ہدف پر حملے تقسیم کرو۔,"Sebar serangan antara perisai, pos tinggi dan sasaran jauh yang bergerak.","Verteile den Angriff auf Schild, hohe Wache und bewegliches Fernziel.",盾、高い見張り台、遠くの動く標的に攻撃を振り分けよう。
Пройди главу «Обходные пути».,Пройди главу «Обходные пути».,Complete the Alternative paths chapter.,完成迂回路线章节。,वैकल्पिक रास्ते वाला अध्याय पूरा करो।,Completa el capítulo Rutas alternativas.,Termine le chapitre Chemins détournés.,أكمل فصل طرق بديلة.,Complete o capítulo Caminhos alternativos.,বিকল্প পথ অধ্যায় শেষ করো।,متبادل راستے والا باب مکمل کریں۔,Selesaikan bab Jalur alternatif.,Schließe das Kapitel Umwege ab.,「回り道」チャプターをクリアしよう。
Пройди главу «Верхний удар».,Пройди главу «Верхний удар».,Complete the Attack from above chapter.,完成从上方攻击章节。,ऊपर से वार वाला अध्याय पूरा करो।,Completa el capítulo Ataque desde arriba.,Termine le chapitre Attaque par le haut.,أكمل فصل هجوم من الأعلى.,Complete o capítulo Ataque por cima.,উপর থেকে আঘাত অধ্যায় শেষ করো।,اوپر سے وار والا باب مکمل کریں۔,Selesaikan bab Serangan dari atas.,Schließe das Kapitel Angriff von oben ab.,「上からの攻撃」チャプターをクリアしよう。
Пройди главу «Холодный фронт».,Пройди главу «Холодный фронт».,Complete the Cold front chapter.,完成寒冷前线章节。,ठंडा मोर्चा वाला अध्याय पूरा करो।,Completa el capítulo Frente frío.,Termine le chapitre Front froid.,أكمل فصل الجبهة الباردة.,Complete o capítulo Frente fria.,শীতল ফ্রন্ট অধ্যায় শেষ করো।,سرد محاذ والا باب مکمل کریں۔,Selesaikan bab Front dingin.,Schließe das Kapitel Kaltfront ab.,「寒冷前線」チャプターをクリアしよう。
Пройди главу «Общий сбор».,Пройди главу «Общий сбор».,Complete the Team assembly chapter.,完成全员集合章节。,दल का जमाव वाला अध्याय पूरा करो।,Completa el capítulo Reunión del equipo.,Termine le chapitre Rassemblement.,أكمل فصل تجمع الفريق.,Complete o capítulo Reunião da equipe.,দলের সমাবেশ অধ্যায় শেষ করো।,ٹیم کا اجتماع والا باب مکمل کریں۔,Selesaikan bab Berkumpul bersama.,Schließe das Kapitel Teamversammlung ab.,「全員集合」チャプターをクリアしよう。
